email,address_id,place,phone,client_name
john.lewis@mockmail.com,f95afd7a-2453-41a5-aabf-95aef690206f,"40 Forest Ave, San Antonio, AZ 88695",+1-592-106-4001,John Lewis
john.lewis@mockmail.com,47992039-3002-4b6c-917a-90cfb4b43fca,"9984 Main St, Seattle, OR 34287",+1-307-308-8122,John Lewis
matthew.king@mockmail.com,18a90645-fa14-4f29-9fa2-1ea536275057,"256 Main St, Houston, NY 62679",+1-525-143-1076,Matthew King
matthew.king@mockmail.com,a0fe1292-ccef-40c4-beb7-ba8fb6d870e0,"7220 Garden Ln, New York, FL 77528",+1-330-963-8093,Matthew King
matthew.king@mockmail.com,68ddee04-c3ea-4fb5-8df8-df7b2def8876,"3682 Birch Blvd, San Jose, AZ 87804",+1-876-912-1654,Matthew King
steven.wright@mockmail.com,3d9e89c0-5bdf-4e74-8faf-842b68dcde6a,"4200 Park Ave, Los Angeles, TX 53414",+1-381-883-9728,Steven Wright
steven.wright@mockmail.com,8051a09d-c848-480e-bff0-786ff3d14019,"511 Maple Dr, Dallas, GA 85550",+1-526-740-5577,Steven Wright
betty.jackson@mockmail.com,41bae1a8-faf6-4b74-b331-f84f5f0bfad6,"7149 Oak Ave, Chicago, CA 31571",+1-886-953-5197,Betty Jackson
betty.jackson@mockmail.com,b86c6c78-8f79-452a-8b3e-1ef056d302ae,"1811 Elm St, Phoenix, CO 54448",+1-563-190-6743,Betty Jackson
betty.jackson@mockmail.com,c361d4aa-b826-4499-907a-ad386f572313,"2704 Park Ave, Chicago, IL 54944",+1-906-798-2412,Betty Jackson
betty.jackson@mockmail.com,5ef88b14-f893-4c55-93c7-d0622b7920cf,"7291 Cedar Ln, Phoenix, MA 11742",+1-759-250-4491,Betty Jackson
betty.jackson@mockmail.com,3f268940-2236-45f7-8aa3-d37040d801d1,"1061 Willow Way, Seattle, NY 11177",+1-948-559-4463,Betty Jackson
donald.mitchell@mockmail.com,0dd5fcb9-d883-4ee2-a19a-a7d63b4b22ce,"2637 Cedar Ln, Houston, NY 83785",+1-462-959-8851,Donald Mitchell
donald.mitchell@mockmail.com,741cff4e-acda-4e37-9a97-11fe037abdd8,"7523 Maple Dr, Dallas, CA 72087",+1-704-129-3173,Donald Mitchell
donald.mitchell@mockmail.com,20ec2eca-f331-419e-a2a5-36b186c8c8d5,"691 Birch Blvd, Atlanta, NY 89701",+1-202-156-6139,Donald Mitchell
barbara.martinez@mockmail.com,8294abab-a501-4362-97f7-69eb57d169fd,"4499 Main St, New York, FL 76623",+1-800-351-3497,Barbara Martinez
kevin.hernandez@mockmail.com,0ed79ea4-bc2d-4377-966d-47db2accba4e,"7953 Oak Ave, Chicago, OR 47373",+1-660-652-8683,Kevin Hernandez
kevin.hernandez@mockmail.com,4e48b99c-8511-45bc-926a-86205ce8629a,"3399 Forest Ave, Atlanta, OR 53616",+1-411-427-3668,Kevin Hernandez
kevin.hernandez@mockmail.com,1d9d385c-37e3-4cef-b2d9-67d241345b5c,"7371 Forest Ave, Phoenix, MA 29917",+1-339-869-8978,Kevin Hernandez
kevin.hernandez@mockmail.com,b3604208-09ed-4882-99bf-32ca174deddb,"5724 Lake Dr, San Antonio, CO 18332",+1-366-452-1415,Kevin Hernandez
matthew.walker@mockmail.com,4d22ba96-3bf0-48cf-83fc-4a5f0200cd75,"7904 Birch Blvd, Dallas, NY 28468",+1-701-586-9104,Matthew Walker
matthew.walker@mockmail.com,e304bc13-74e7-43b7-ad8a-f9b53d6d18e6,"5465 Walnut St, Miami, CO 55418",+1-738-184-3938,Matthew Walker
matthew.walker@mockmail.com,9db5d632-66d9-40ff-8606-021d9eca331a,"85 Hill St, San Antonio, CA 51851",+1-861-438-6640,Matthew Walker
matthew.walker@mockmail.com,6730f75d-8fa7-4023-be8d-27136bcf4246,"2054 Park Ave, Los Angeles, IL 78517",+1-568-838-9612,Matthew Walker
daniel.smith@mockmail.com,d976342a-1668-4ea9-b463-3230a7d40f26,"9075 Lake Dr, Boston, CA 66173",+1-399-168-7218,Daniel Smith
daniel.smith@mockmail.com,dfbee89c-5019-4730-856d-07f354c754d5,"2422 Elm St, Dallas, GA 23585",+1-817-181-1404,Daniel Smith
william.anderson@mockmail.com,175fd70f-b47d-41f9-bc73-9b0c6137a87e,"622 Broadway, Austin, CO 85161",+1-914-794-6476,William Anderson
brian.carter@mockmail.com,46e05d51-b6c5-452a-b6f1-1a25c8d24ae7,"5312 Oak Ave, San Antonio, IL 53030",+1-470-483-4335,Brian Carter
john.green@mockmail.com,9dbe5c01-63ed-47c9-b41b-de8ccef97df3,"7556 Elm St, Los Angeles, MA 79932",+1-761-965-9557,John Green
donna.perez@mockmail.com,146a4a38-8947-4405-ba26-0752cdbfacfa,"9098 Maple Dr, Seattle, TX 77524",+1-625-875-1235,Donna Perez
donna.perez@mockmail.com,8d4db46a-10d2-4eb3-8ec4-436f8770d029,"3834 Walnut St, Austin, FL 39455",+1-710-817-9815,Donna Perez
emily.campbell@mockmail.com,c052e59d-d0fe-4057-8597-d3fa6395fd2c,"3321 Spring St, Atlanta, TX 76128",+1-659-763-5301,Emily Campbell
emily.campbell@mockmail.com,95cb0938-8148-4a6c-a499-a4df4195e49e,"294 River Rd, Los Angeles, GA 75137",+1-261-753-1799,Emily Campbell
steven.smith@mockmail.com,3ffdfbe6-0404-4008-9dcd-f2fe50cdded0,"4814 Cherry Ct, San Jose, IL 36498",+1-957-350-9956,Steven Smith
steven.smith@mockmail.com,46d367db-2b51-4a0e-a462-c813c6a40c52,"2048 River Rd, Atlanta, CO 86713",+1-953-939-7944,Steven Smith
steven.smith@mockmail.com,4a2bbcdd-3eaa-4279-b82b-d13ab9c3a30e,"9829 Valley Rd, San Jose, CO 63822",+1-272-632-2002,Steven Smith
steven.smith@mockmail.com,995a996b-caaa-48a0-b142-bda4000ec317,"3842 Birch Blvd, San Jose, AZ 73647",+1-289-846-8255,Steven Smith
steven.smith@mockmail.com,5debffc9-b00a-43ad-adcc-173e9746a64c,"7862 Garden Ln, Miami, WA 27399",+1-700-565-8583,Steven Smith
mark.walker@mockmail.com,5750611b-5135-45ec-8064-95af11820a8e,"1262 Sunset Blvd, Atlanta, CO 60990",+1-514-609-5864,Mark Walker
mark.walker@mockmail.com,0b3994b0-7970-4141-81d0-f54f3c373f57,"8292 Broadway, Atlanta, CO 41195",+1-451-537-4254,Mark Walker
mark.walker@mockmail.com,d0c8fc51-bca8-4544-8caa-0fcab9adf241,"1836 Cedar Ln, San Jose, IL 70280",+1-674-172-1991,Mark Walker
mark.walker@mockmail.com,48dc60e2-ef7a-4ef5-a2a5-54e4671ae2d0,"7157 Maple Dr, Dallas, MA 59160",+1-724-680-2594,Mark Walker
mark.walker@mockmail.com,481d1f6f-0f15-44ea-9cb3-62bc06913411,"4372 Cherry Ct, Denver, MA 87744",+1-619-151-8729,Mark Walker
andrew.brown@mockmail.com,658c3e64-cdbf-454e-80f7-a836cc7051f3,"5003 River Rd, Seattle, WA 60066",+1-662-429-9218,Andrew Brown
andrew.brown@mockmail.com,0084eba4-2318-4aa4-b202-6e83a61836bd,"9156 Sunset Blvd, Chicago, TX 68557",+1-435-998-5769,Andrew Brown
carol.jackson@mockmail.com,548ff48c-97bc-4ffc-9419-a1c048c54974,"8617 Spring St, Austin, CO 63986",+1-257-484-1239,Carol Jackson
carol.jackson@mockmail.com,ac636c04-7c2f-414d-bfe0-c10741d584c0,"7437 Valley Rd, Miami, CA 91256",+1-690-596-6902,Carol Jackson
carol.jackson@mockmail.com,05c2ad99-e243-4ae6-bb2a-c6cdaecd0719,"7317 Birch Blvd, Miami, AZ 69777",+1-424-826-5294,Carol Jackson
carol.jackson@mockmail.com,e42569bf-c3e1-4f4e-8272-22d0d88643e9,"8512 Spring St, Chicago, MA 11700",+1-295-515-7285,Carol Jackson
carol.jackson@mockmail.com,42f13b2a-82c6-4cff-a258-fdc48a28e9d7,"3968 Oak Ave, San Antonio, NY 31746",+1-741-115-5386,Carol Jackson
joshua.robinson@mockmail.com,5e1cd815-c97c-46e4-9a4e-59534181a905,"7149 Oak Ave, Chicago, IL 31161",+1-586-843-5539,Joshua Robinson
christopher.hernandez@mockmail.com,3303fae5-7eaf-441d-b696-56acb5179d3e,"9917 Cherry Ct, Los Angeles, WA 64202",+1-489-194-4888,Christopher Hernandez
melissa.smith@mockmail.com,e9b549bc-409f-4a34-9d8b-74528e5e0c12,"2860 Lake Dr, Phoenix, WA 88885",+1-995-114-1174,Melissa Smith
melissa.smith@mockmail.com,2b34b428-71c7-4ae6-90d6-16e866e4b06c,"8860 Oak Ave, Austin, NY 18713",+1-984-305-2831,Melissa Smith
melissa.smith@mockmail.com,b61315aa-0d2c-42e8-96b8-f1c863d0a929,"3124 Hill St, Dallas, CO 69220",+1-968-300-9810,Melissa Smith
timothy.adams@mockmail.com,e1b94347-d7c2-457e-a80e-82961fd9aa34,"9646 Sunset Blvd, New York, IL 41531",+1-981-398-9378,Timothy Adams
timothy.adams@mockmail.com,3a866c58-fd87-474d-8af0-0f1dc7e0d36a,"48 Spring St, Dallas, CO 83094",+1-622-527-9321,Timothy Adams
timothy.adams@mockmail.com,0e2ed970-d49b-42a0-8cfb-8ac4f5235505,"1481 Elm St, Austin, NY 69212",+1-254-912-9699,Timothy Adams
lisa.rivera@mockmail.com,53d1fb54-907a-4fe0-98dc-d680c65cc31d,"903 Sunset Blvd, Boston, TX 97546",+1-710-619-7978,Lisa Rivera
lisa.rivera@mockmail.com,70e49234-1716-4a71-86fe-4e53882e24a5,"4690 Garden Ln, Los Angeles, WA 82164",+1-680-466-6436,Lisa Rivera
lisa.rivera@mockmail.com,009e2047-e37f-47d5-a693-7b39a135eff0,"4584 Main St, Portland, AZ 26200",+1-699-420-7769,Lisa Rivera
donald.johnson@mockmail.com,8c14a917-d835-4dee-806a-5adb893f4fc7,"8595 Broadway, Denver, WA 60373",+1-421-520-3317,Donald Johnson
ashley.moore@mockmail.com,701b7e5f-38d1-4dff-98be-0594b6456e04,"3444 Garden Ln, New York, OR 18212",+1-265-284-3593,Ashley Moore
ashley.moore@mockmail.com,8eb79872-8810-44a0-875f-3bafe006f148,"3038 Main St, Portland, CO 28066",+1-673-642-1260,Ashley Moore
ashley.moore@mockmail.com,6d274ce6-b541-47ae-a9a4-2d797dd2fd98,"3938 Broadway, New York, AZ 59466",+1-828-949-8982,Ashley Moore
ashley.moore@mockmail.com,e392de8c-432c-4dc3-afad-a265faeb6bbb,"2366 Willow Way, Los Angeles, CA 58626",+1-326-948-5943,Ashley Moore
ashley.moore@mockmail.com,1b1b2a1a-aa42-4f9e-a842-298b0debe2d5,"7529 Valley Rd, Dallas, TX 32656",+1-583-986-2875,Ashley Moore
mary.miller@mockmail.com,70b6f533-5861-45de-b224-48bc33914db6,"118 Walnut St, Phoenix, GA 61909",+1-244-605-1810,Mary Miller
mary.miller@mockmail.com,ade7fadd-7d7b-4217-a4c4-13400fc2362f,"3350 Pine Rd, Boston, GA 32518",+1-706-774-8963,Mary Miller
mary.miller@mockmail.com,f0344dd0-21d0-43d6-ad7e-516ef30d13d4,"643 Main St, Dallas, FL 89094",+1-705-295-4092,Mary Miller
william.clark@mockmail.com,cd8bda57-8849-4d33-abe4-7a69955d274b,"5834 Cedar Ln, San Antonio, CO 99429",+1-391-368-7529,William Clark
william.clark@mockmail.com,73b8f9a0-29df-48b4-a8dd-98af477063ee,"3393 Willow Way, Atlanta, AZ 17068",+1-973-191-6880,William Clark
william.clark@mockmail.com,6d04f4df-1861-4063-a410-41497bc15ed3,"255 Elm St, Los Angeles, IL 65341",+1-473-956-6916,William Clark
mark.perez@mockmail.com,e6fcab87-0592-4732-91da-30c6aafa20d5,"627 Valley Rd, Miami, OR 85441",+1-639-171-1643,Mark Perez
mark.perez@mockmail.com,35d305ae-ea38-4efb-a877-77c920b8e50c,"6868 River Rd, San Jose, OR 24746",+1-580-872-8306,Mark Perez
mark.perez@mockmail.com,1accdf80-dd9f-4124-a263-082b571dbe70,"2690 Birch Blvd, Denver, NY 77107",+1-345-197-4356,Mark Perez
mark.perez@mockmail.com,2dadf80a-9359-4ce6-b5e3-2dc4bca5b30d,"4450 Hill St, Atlanta, CA 31650",+1-958-365-1037,Mark Perez
patricia.davis@mockmail.com,14fe3bab-975c-4278-9727-be439d96a0db,"158 Sunset Blvd, San Jose, OR 37817",+1-323-709-2131,Patricia Davis
patricia.davis@mockmail.com,f2813840-1134-4368-a503-54c8516ddb0f,"2484 Cedar Ln, Los Angeles, AZ 67133",+1-457-877-6322,Patricia Davis
patricia.davis@mockmail.com,01a513c0-105e-4b20-95f1-a38a5c0c57e9,"4510 Valley Rd, Miami, TX 40189",+1-902-341-5515,Patricia Davis
donna.miller@mockmail.com,95bd5965-5430-4fe0-8ba2-4afa1b4dfa3e,"9396 Willow Way, San Antonio, IL 56284",+1-447-779-8615,Donna Miller
donna.miller@mockmail.com,2cb8da46-f50d-4906-8191-cca7579c1de7,"4628 Valley Rd, Atlanta, CO 22843",+1-392-287-2827,Donna Miller
donna.miller@mockmail.com,e5fb6f67-7e26-49c9-ac9b-33a67e5b7364,"7598 Cedar Ln, Portland, NY 71774",+1-429-204-4735,Donna Miller
donna.miller@mockmail.com,2701e3d4-07bd-4432-9c77-33bf8d9d1326,"3181 Walnut St, Chicago, OR 94303",+1-341-754-4859,Donna Miller
donna.miller@mockmail.com,334c7007-5791-49f8-a913-7275b3c10d02,"2334 Main St, San Jose, CO 84928",+1-819-101-6405,Donna Miller
george.hill@mockmail.com,44b0737b-2244-40e4-9e9c-d34c8b1a8303,"884 Maple Dr, Atlanta, WA 56771",+1-241-340-4350,George Hill
george.hill@mockmail.com,a007b1a6-9aeb-47e5-a662-56b529e31da7,"225 Park Ave, Austin, TX 13613",+1-700-440-6146,George Hill
george.hill@mockmail.com,4c293b97-d9f4-487e-80d1-633bde99284b,"3274 Garden Ln, San Jose, GA 88106",+1-374-655-1581,George Hill
kenneth.hernandez@mockmail.com,5b96103a-b26b-49b8-9ee4-1db15bfd84f9,"3185 Pine Rd, Los Angeles, OR 25886",+1-874-701-4311,Kenneth Hernandez
kenneth.hernandez@mockmail.com,120ad465-4676-481b-8f65-3d4e943b89b8,"9257 Spring St, San Jose, TX 78659",+1-207-342-5083,Kenneth Hernandez
kenneth.hernandez@mockmail.com,83610fcd-a136-4d1a-9454-d5ced33c9be5,"1335 Park Ave, Boston, AZ 99990",+1-820-541-6587,Kenneth Hernandez
robert.williams@mockmail.com,e34f27a4-0078-4350-8dc6-9007cf97d711,"9477 Spring St, Miami, CA 10082",+1-437-318-9279,Robert Williams
robert.williams@mockmail.com,9d819a72-8176-400a-9a82-9a2145ff26f8,"6055 Park Ave, Los Angeles, AZ 58700",+1-747-966-3410,Robert Williams
robert.williams@mockmail.com,1c37e165-0f6d-4c68-858f-35046be6683a,"2814 Willow Way, Atlanta, AZ 47524",+1-591-495-8223,Robert Williams
robert.williams@mockmail.com,528827f3-0aee-49dd-ac73-9da38fa42838,"9189 River Rd, Austin, GA 95057",+1-504-596-1645,Robert Williams
robert.williams@mockmail.com,4a98793c-13a4-48e3-a8f0-7f1fad3a969b,"3224 Lake Dr, Dallas, NY 59536",+1-378-126-9290,Robert Williams
david.harris@mockmail.com,754919a8-fee1-4e03-a9d3-3028af865ec4,"9519 Sunset Blvd, New York, TX 98466",+1-767-467-2857,David Harris
charles.wright@mockmail.com,fed7de70-57b1-484c-98f0-b4b69f046bf2,"1203 Walnut St, San Jose, MA 17692",+1-433-817-9028,Charles Wright
charles.wright@mockmail.com,19ec1567-fb1a-4004-85e3-28d439ecf372,"5562 River Rd, San Jose, GA 86266",+1-564-638-8994,Charles Wright
charles.wright@mockmail.com,26976e2c-f80f-4602-bb34-a1b1e47f5f62,"7239 Oak Ave, Phoenix, GA 12791",+1-656-202-3220,Charles Wright
charles.wright@mockmail.com,68a91701-fa06-4d8c-be27-40ec9b33f986,"3998 Hill St, Chicago, WA 57523",+1-708-996-3392,Charles Wright
nancy.davis@mockmail.com,8a932a3c-2f24-4337-8c14-aebfbaac9a84,"9122 Cherry Ct, Phoenix, FL 83940",+1-747-960-7846,Nancy Davis
stephanie.flores@mockmail.com,81edc560-f70d-4adc-9bf8-4e0f99f0ba00,"4610 Cherry Ct, Denver, WA 22065",+1-897-576-8315,Stephanie Flores
andrew.taylor@mockmail.com,610394fa-ec6e-413c-bf16-0625b5299fd7,"4241 Forest Ave, Portland, WA 20375",+1-250-416-3781,Andrew Taylor
karen.rivera@mockmail.com,d05fd29c-45e9-4c45-b2a0-d6d90cd19e85,"3378 Valley Rd, Phoenix, NY 28078",+1-482-306-6626,Karen Rivera
karen.rivera@mockmail.com,f0269999-8092-40e4-b4e6-01a0c3c29665,"404 Pine Rd, Houston, WA 73335",+1-388-685-2272,Karen Rivera
lisa.garcia@mockmail.com,f583b465-d00c-4937-857e-824f16bb8ad8,"307 Broadway, Houston, TX 63400",+1-361-194-6968,Lisa Garcia
lisa.garcia@mockmail.com,fe0201d7-04e6-4e8e-b1cf-85679c7a63b1,"1295 Park Ave, Denver, TX 96175",+1-260-524-3594,Lisa Garcia
matthew.scott@mockmail.com,01761cd1-2e23-4887-a464-91dacadb7846,"8981 Maple Dr, Austin, FL 89128",+1-788-612-1274,Matthew Scott
matthew.scott@mockmail.com,7b8671e8-79ac-4e87-a508-d15383f757e1,"8575 Broadway, Chicago, WA 67642",+1-751-573-5532,Matthew Scott
matthew.scott@mockmail.com,89b75317-9c18-4e1c-bdb7-fe67baf75260,"1928 Pine Rd, Boston, FL 79486",+1-732-136-5351,Matthew Scott
matthew.scott@mockmail.com,4cf7a9b0-a965-4979-929b-fad0a8547e3c,"3074 Oak Ave, Dallas, MA 79489",+1-389-955-4938,Matthew Scott
matthew.scott@mockmail.com,353db54a-aeb7-4164-9cc8-d26671c335e1,"6669 Sunset Blvd, Boston, MA 38858",+1-387-673-3626,Matthew Scott
mark.rivera@mockmail.com,c8266bbc-9891-4ba8-b3fa-ae61dcabe5d9,"7675 Lake Dr, Denver, CO 45617",+1-699-593-9761,Mark Rivera
mark.rivera@mockmail.com,1709fe1b-66d0-4cb6-8bc8-ff5c3ef845de,"402 Birch Blvd, Houston, FL 77563",+1-451-783-3336,Mark Rivera
mark.rivera@mockmail.com,4048c84f-0aa5-44f2-9972-d845d0aafbf8,"3271 Forest Ave, Boston, CO 38221",+1-629-165-1391,Mark Rivera
james.harris@mockmail.com,b86d109c-cf67-466f-8aed-b792068cf89b,"4450 Garden Ln, San Antonio, IL 26692",+1-759-645-5666,James Harris
barbara.williams@mockmail.com,602d8b88-caf7-4662-b135-4b58d9a60c3c,"4739 Forest Ave, San Jose, WA 57174",+1-631-657-1189,Barbara Williams
linda.perez@mockmail.com,12887180-be89-418f-9689-de5e9a3a6d01,"5379 River Rd, Portland, IL 71184",+1-775-682-3854,Linda Perez
linda.perez@mockmail.com,fd8c9b92-883e-4f86-b497-8baea39d363b,"3889 Elm St, Houston, OR 18425",+1-586-381-6299,Linda Perez
linda.perez@mockmail.com,493f8ea6-625d-4b8e-9575-c4329b18dc5d,"9543 Walnut St, San Jose, TX 75531",+1-234-939-4850,Linda Perez
linda.perez@mockmail.com,500b0d70-894f-4cbc-8b06-433ac9b8f3c8,"1899 Main St, Boston, MA 45873",+1-447-548-2039,Linda Perez
linda.perez@mockmail.com,7b568477-9c67-4ba2-a22e-badc461428cc,"4985 Forest Ave, Boston, IL 94286",+1-818-552-2349,Linda Perez
steven.robinson@mockmail.com,9cfaf5d8-a6c3-480a-b875-b2372f878f32,"5883 Valley Rd, Seattle, IL 63678",+1-492-129-1526,Steven Robinson
steven.robinson@mockmail.com,59e45b15-4bea-44b2-9611-a5cb48c3b905,"7995 Park Ave, Seattle, WA 59444",+1-797-364-2177,Steven Robinson
steven.robinson@mockmail.com,2f9d3137-3dbc-4881-b712-954bb0637067,"7217 Maple Dr, Denver, CO 41585",+1-392-228-9721,Steven Robinson
steven.robinson@mockmail.com,8c1351e4-430d-4fc4-bfc9-a8bce2f24819,"760 Elm St, Chicago, IL 38807",+1-465-422-6278,Steven Robinson
steven.robinson@mockmail.com,2283e9f2-e3fe-4d4f-826a-65e0acbc071f,"9800 Garden Ln, Chicago, AZ 41370",+1-448-519-3162,Steven Robinson
donald.moore@mockmail.com,b22a7ae6-f3f1-440e-94fa-d7ed455bdfc4,"180 Walnut St, Miami, NY 55463",+1-207-311-8091,Donald Moore
donald.moore@mockmail.com,826847d0-48e1-4a79-9031-0de75eae6bc7,"6807 Cherry Ct, New York, CO 96765",+1-888-973-3720,Donald Moore
donald.moore@mockmail.com,b09fc176-61da-4eeb-a656-4d1770f8c097,"6569 Pine Rd, Los Angeles, FL 76351",+1-738-671-5549,Donald Moore
james.lee@mockmail.com,762603e1-ca9b-4bda-9ceb-5e3375eef2fa,"8509 Walnut St, Austin, NY 72781",+1-708-293-6430,James Lee
james.lee@mockmail.com,2888d0e5-71ee-4ce4-9b4c-7aaebfd76255,"4775 Valley Rd, Chicago, GA 11836",+1-412-172-5308,James Lee
james.lee@mockmail.com,2545be03-ea99-4a34-b63e-10e246d6fbad,"6835 Hill St, Los Angeles, GA 80874",+1-590-264-2033,James Lee
dorothy.harris@mockmail.com,0c8a53d4-d4c2-4ae4-86c6-f951490e7d11,"1885 Sunset Blvd, San Antonio, FL 71921",+1-804-774-6915,Dorothy Harris
ashley.walker@mockmail.com,ef5635ae-9055-4e59-b93d-670b9c199b72,"3967 Willow Way, Houston, TX 90965",+1-536-492-9250,Ashley Walker
ashley.walker@mockmail.com,70ce437d-4ee7-464d-9634-dc497d5f39e4,"3055 Walnut St, Miami, MA 65581",+1-729-542-7062,Ashley Walker
ashley.walker@mockmail.com,042765e5-3f91-4bbc-825a-540e084179f0,"3699 Cherry Ct, Boston, AZ 65186",+1-313-307-7836,Ashley Walker
ashley.walker@mockmail.com,50a4ea33-d91d-48bf-9c00-eb3d1e45890e,"9947 Cherry Ct, San Jose, AZ 59858",+1-812-466-3566,Ashley Walker
ashley.walker@mockmail.com,e98b5f92-89b8-4628-bb2d-371623ca7c41,"311 Broadway, Dallas, CA 48966",+1-949-248-2196,Ashley Walker
nancy.martinez@mockmail.com,68f1cf4a-5c5d-4ceb-81ac-9efa1326dfcb,"1937 Lake Dr, Los Angeles, IL 79542",+1-227-192-2882,Nancy Martinez
nancy.martinez@mockmail.com,7c702ec7-8cba-4dc0-823f-1b4b8256f3b2,"9943 Cedar Ln, Austin, FL 21599",+1-289-909-1919,Nancy Martinez
nancy.martinez@mockmail.com,9b15cd27-a654-40a6-a770-bc24add009fd,"9318 Spring St, Dallas, IL 75613",+1-345-817-9575,Nancy Martinez
nancy.martinez@mockmail.com,f667355c-263f-482f-a2c8-904602bfe3fa,"3217 Park Ave, Portland, AZ 51387",+1-644-401-3443,Nancy Martinez
nancy.martinez@mockmail.com,42e8fc04-d4ab-4cc0-b457-f5f6b761f1a2,"2619 Sunset Blvd, Portland, OR 91440",+1-953-330-6783,Nancy Martinez
jessica.robinson@mockmail.com,207f2f44-40f9-4e8f-a46c-a23987fd1dba,"4567 Oak Ave, Phoenix, MA 83831",+1-545-276-5515,Jessica Robinson
jessica.robinson@mockmail.com,998e1491-4ebe-442a-93bc-2681256bacd4,"6511 Valley Rd, Portland, IL 23805",+1-886-281-7951,Jessica Robinson
steven.young@mockmail.com,a5ec409b-3d2d-4ad2-93fb-ca3fd89dca3c,"201 Garden Ln, San Jose, FL 77466",+1-204-826-9827,Steven Young
steven.young@mockmail.com,c77f50d2-fdef-4bb7-b62c-5f0528b0c35b,"930 Spring St, Austin, CA 75485",+1-430-418-1364,Steven Young
steven.young@mockmail.com,3478db30-8513-4b14-bc2f-e8a4fb5edf19,"1191 Forest Ave, Austin, WA 44666",+1-471-750-3127,Steven Young
betty.wright@mockmail.com,e2536df2-2d52-4135-a284-ba295488b735,"3124 Cherry Ct, Houston, TX 30452",+1-534-568-7148,Betty Wright
betty.wright@mockmail.com,0ce14991-5c85-44c2-9582-3bb9e9293a93,"2803 Maple Dr, San Antonio, FL 71791",+1-959-934-6421,Betty Wright
betty.wright@mockmail.com,e7e91f03-ef4e-44ab-b98e-7fee4750682c,"5365 Maple Dr, Boston, FL 74595",+1-779-707-3764,Betty Wright
susan.anderson@mockmail.com,4022f5a2-7e7c-40c4-8bbc-635404cfd9bc,"501 Cherry Ct, Seattle, GA 58186",+1-260-369-2276,Susan Anderson
susan.anderson@mockmail.com,9416b0ca-fcf9-4b61-826a-4151cc4ef1de,"6101 Birch Blvd, Houston, WA 95478",+1-778-628-2225,Susan Anderson
susan.anderson@mockmail.com,1869942e-883a-4fd2-8d54-02002b29e89b,"7606 Garden Ln, Boston, TX 42964",+1-296-990-8105,Susan Anderson
susan.anderson@mockmail.com,3f9cdd4e-74db-42dc-9a9f-d22e4005f5e3,"7262 Park Ave, Denver, NY 98851",+1-355-466-7376,Susan Anderson
susan.anderson@mockmail.com,b3c3287b-d7c8-4208-a6b3-ee65f0fa0913,"3978 Main St, Miami, FL 20162",+1-986-714-2585,Susan Anderson
jessica.wilson@mockmail.com,948e84a8-c004-431e-8017-875f3eaa0b89,"7137 Broadway, Chicago, OR 27722",+1-887-619-2276,Jessica Wilson
karen.anderson@mockmail.com,6d9f3430-902e-4251-999e-25cede0fae86,"7307 Willow Way, San Jose, WA 88478",+1-560-338-4750,Karen Anderson
karen.anderson@mockmail.com,b272dfe0-9ff9-4d87-bcaf-124cc9952a78,"8843 Cherry Ct, Dallas, TX 46549",+1-401-365-9315,Karen Anderson
sandra.anderson@mockmail.com,12985c36-ef41-4f89-8f7b-adf7ff8033b9,"2667 Hill St, Atlanta, TX 32769",+1-227-229-1078,Sandra Anderson
deborah.miller@mockmail.com,9e73d5d0-0025-4199-a798-11fbd4a788bb,"7105 Pine Rd, Boston, IL 15396",+1-761-139-6520,Deborah Miller
deborah.miller@mockmail.com,07f887aa-57ce-4d2c-b150-40d301d5fee8,"2241 Garden Ln, Houston, TX 94110",+1-292-503-9300,Deborah Miller
deborah.miller@mockmail.com,a126bd9d-b707-4196-8849-380ea2d98e81,"6337 Elm St, Denver, CA 80295",+1-702-254-2835,Deborah Miller
deborah.miller@mockmail.com,7c850932-9b2a-4932-a38c-d1010f3b284e,"8847 Park Ave, Los Angeles, CA 48466",+1-994-699-7124,Deborah Miller
deborah.miller@mockmail.com,27f43756-e90f-4033-830e-c481fefdb32c,"4171 Walnut St, Austin, CA 56649",+1-546-305-1081,Deborah Miller
jessica.thompson@mockmail.com,c3683a1e-b1e7-4ccf-af42-b49be86f93f9,"8327 River Rd, Miami, CA 29135",+1-473-776-6155,Jessica Thompson
joshua.williams@mockmail.com,8a465b37-2dd9-461b-85f6-f30f2063f1b0,"8609 Walnut St, Miami, AZ 73107",+1-750-929-7710,Joshua Williams
joshua.williams@mockmail.com,a00af6d7-32fe-47c9-8a3a-c3be45afd250,"5443 Birch Blvd, Portland, OR 37051",+1-326-977-1138,Joshua Williams
joshua.williams@mockmail.com,3e35732b-3fcd-477b-97c4-0cba68a0ebe6,"91 Lake Dr, Dallas, WA 37138",+1-830-709-2106,Joshua Williams
joshua.williams@mockmail.com,532b916e-28a4-48fa-9647-fd41a046aca5,"8469 Lake Dr, Los Angeles, OR 21574",+1-373-597-1097,Joshua Williams
anthony.white@mockmail.com,81b6695b-9902-4146-8717-b9da945d2428,"3942 Garden Ln, Phoenix, FL 41704",+1-898-652-3985,Anthony White
anthony.white@mockmail.com,886da82f-1630-4c22-9190-a4e429e0a9c1,"1895 Cedar Ln, New York, NY 36482",+1-779-222-3197,Anthony White
anthony.white@mockmail.com,eed1f36e-3012-43e3-abb4-09651ac36f2f,"2478 Spring St, Boston, CA 27209",+1-480-378-5117,Anthony White
anthony.white@mockmail.com,e12ad1c2-1b51-4f85-ad61-6ef8f289074b,"8068 Valley Rd, Chicago, WA 50864",+1-216-204-7248,Anthony White
donald.roberts@mockmail.com,baf77232-8fee-4ea5-b392-42f2c2c80ca8,"7183 Broadway, Los Angeles, TX 76928",+1-656-935-5804,Donald Roberts
kenneth.smith@mockmail.com,d56b01ca-ad22-4108-9caf-24c21e61cfba,"7386 Oak Ave, Houston, TX 49574",+1-604-847-3149,Kenneth Smith
kenneth.smith@mockmail.com,0245505b-ccc8-46aa-895f-aa012ef5cc07,"6213 Walnut St, Dallas, AZ 73461",+1-778-603-6385,Kenneth Smith
timothy.johnson@mockmail.com,4d035372-27ca-4939-bc21-d41e9d9f4bb6,"2083 Spring St, San Antonio, GA 58100",+1-862-302-7794,Timothy Johnson
timothy.johnson@mockmail.com,2e64081b-e39b-4537-a6d5-87834a0ae973,"898 Elm St, Boston, MA 48281",+1-398-868-9986,Timothy Johnson
timothy.johnson@mockmail.com,325ec7a4-1c23-4e1a-98a5-8d10a12fe842,"8587 Walnut St, Houston, MA 52665",+1-295-546-5921,Timothy Johnson
timothy.johnson@mockmail.com,5baa4ea6-a0ea-4bb3-92f5-df9a45289d5c,"2616 Main St, Miami, CO 18201",+1-252-491-2924,Timothy Johnson
nancy.garcia@mockmail.com,f17ce8e8-daaa-4a38-bf10-5cfbc3e0d5da,"9248 Maple Dr, Atlanta, AZ 93397",+1-905-161-5063,Nancy Garcia
nancy.garcia@mockmail.com,8825a39e-12ed-4c1d-bac6-c6a1720ac8e5,"9886 Garden Ln, Los Angeles, GA 15927",+1-586-454-6062,Nancy Garcia
thomas.scott@mockmail.com,016f8409-3282-4304-9fb7-15c9c637c906,"7162 Park Ave, San Antonio, OR 95747",+1-966-751-6796,Thomas Scott
thomas.scott@mockmail.com,7b561cb6-9b04-48e7-ba02-f0bd18631538,"9814 Sunset Blvd, Chicago, CO 53691",+1-460-536-2626,Thomas Scott
lisa.wright@mockmail.com,5d077710-8421-4e1d-ab51-674e6548ae0e,"1615 Maple Dr, Los Angeles, GA 86350",+1-454-954-7874,Lisa Wright
lisa.wright@mockmail.com,48325053-39a7-426e-8526-8c120bb0ddfa,"132 Walnut St, Seattle, OR 73585",+1-806-318-8228,Lisa Wright
lisa.wright@mockmail.com,578c97c4-728c-4306-8f7c-8f640fb0ab42,"1544 Main St, Los Angeles, FL 77696",+1-203-459-7556,Lisa Wright
lisa.wright@mockmail.com,524b9050-632a-4243-8879-61147a0e0d12,"4620 Maple Dr, Seattle, MA 84177",+1-703-137-8699,Lisa Wright
kenneth.clark@mockmail.com,49fe76c4-26aa-48e8-b922-1944d639a7ea,"7632 Oak Ave, Denver, OR 16245",+1-763-711-6331,Kenneth Clark
kenneth.clark@mockmail.com,05024f0e-c272-4f28-9807-cc77c5a5f042,"3411 Elm St, San Jose, GA 83450",+1-981-149-7332,Kenneth Clark
kenneth.clark@mockmail.com,0f897704-c004-41d0-8b8f-fc1e9127ed29,"8989 Spring St, New York, CO 17779",+1-276-746-8288,Kenneth Clark
michael.moore@mockmail.com,4726cf3e-a9dd-45f2-b14e-72dcd98fd95e,"7199 Broadway, Phoenix, MA 15985",+1-278-162-2251,Michael Moore
margaret.taylor@mockmail.com,7c2cdd5d-c793-48e9-a1bd-ad9668b6e304,"9087 Park Ave, New York, NY 89720",+1-646-903-7128,Margaret Taylor
margaret.taylor@mockmail.com,2073055a-b59b-444b-b722-571746e9f18f,"3527 Main St, Chicago, OR 53987",+1-986-754-3802,Margaret Taylor
margaret.taylor@mockmail.com,529e1fbf-5af7-4d0b-87cd-82b0e35aceec,"8527 Cedar Ln, Denver, NY 24038",+1-954-755-8537,Margaret Taylor
thomas.hernandez@mockmail.com,b4b40243-7214-4ca9-9ce8-b8a6e8852f51,"8678 Sunset Blvd, Houston, MA 53971",+1-852-424-4773,Thomas Hernandez
thomas.hernandez@mockmail.com,686ca7e2-f36a-4f3d-af9a-765573b1c23b,"7273 Cedar Ln, New York, CO 98092",+1-562-710-3359,Thomas Hernandez
thomas.hernandez@mockmail.com,20cbbc12-e4ee-4397-9c84-9935e753e51c,"3409 Willow Way, Phoenix, MA 91024",+1-770-851-5576,Thomas Hernandez
melissa.williams@mockmail.com,663b8690-8b88-4a24-bcf9-3b9428be1b1b,"3898 Cedar Ln, San Jose, TX 80127",+1-804-252-4153,Melissa Williams
melissa.williams@mockmail.com,7e03f4ca-993d-47b1-94ee-e8d6d92fe509,"7544 River Rd, New York, IL 44060",+1-583-996-9200,Melissa Williams
betty.martinez@mockmail.com,8cd794c6-3d32-45c2-af14-dc6734bacb70,"2921 Spring St, Los Angeles, GA 81414",+1-765-616-2731,Betty Martinez
betty.martinez@mockmail.com,7d65a886-b779-4226-a0c6-51c09af27844,"8323 Cedar Ln, Houston, OR 85316",+1-812-856-1328,Betty Martinez
betty.martinez@mockmail.com,3410be79-9055-45b8-a53f-091d9d7ec132,"7892 Willow Way, Dallas, OR 78494",+1-485-280-3373,Betty Martinez
betty.martinez@mockmail.com,c74824e3-7525-4f96-884b-62ec4d4d223f,"5296 Oak Ave, Los Angeles, MA 41853",+1-433-344-1299,Betty Martinez
amanda.miller@mockmail.com,60cfcca6-75ff-4f28-85c5-964373d415d5,"8120 Hill St, Miami, NY 25774",+1-946-561-6173,Amanda Miller
amanda.miller1@mockmail.com,89108259-a6ca-4900-b9a1-f50f76f9ed02,"8909 Hill St, Atlanta, GA 44252",+1-651-841-1312,Amanda Miller
joshua.campbell@mockmail.com,91147059-7117-4e25-aab0-a46e63931a61,"523 Valley Rd, Dallas, CA 16187",+1-825-902-9098,Joshua Campbell
joshua.campbell@mockmail.com,ccfa4cbc-89f6-4381-b1d3-c944945abd39,"9504 Willow Way, Denver, MA 16086",+1-672-891-8106,Joshua Campbell
joshua.campbell@mockmail.com,51ad50b3-e14c-44f9-8f9f-805a45e10e26,"8750 Park Ave, Boston, MA 93780",+1-576-660-1545,Joshua Campbell
carol.ramirez@mockmail.com,304955c6-d8d6-4648-abfd-2098f0f90d0f,"8109 Pine Rd, New York, CA 12949",+1-493-210-2569,Carol Ramirez
carol.ramirez@mockmail.com,683549f9-0e79-4e31-9c51-b0e0972d7f16,"7475 Spring St, Los Angeles, TX 90705",+1-897-921-5194,Carol Ramirez
carol.ramirez@mockmail.com,8f17c640-18c1-4fe8-a962-dc359cba1c0a,"3761 Birch Blvd, Atlanta, FL 82291",+1-466-637-8917,Carol Ramirez
carol.ramirez@mockmail.com,e4cca7bf-a556-45bc-9cf0-de7ee9b773d4,"6638 Lake Dr, Phoenix, NY 73201",+1-558-807-4359,Carol Ramirez
carol.ramirez@mockmail.com,af27db4e-3cad-440f-96f3-c56942152643,"1682 Maple Dr, Dallas, GA 90240",+1-311-149-2589,Carol Ramirez
michelle.martin@mockmail.com,41cbbf57-7efb-4513-bc79-e2303f83327a,"2708 Maple Dr, Miami, GA 19249",+1-770-911-9304,Michelle Martin
michelle.martin@mockmail.com,eb835fb7-c891-438c-933e-546ebb8a0d61,"2896 Walnut St, Dallas, NY 90469",+1-397-628-6446,Michelle Martin
richard.adams@mockmail.com,4f501098-ed29-4c4b-a072-abf2b88a7f24,"8397 Oak Ave, Los Angeles, TX 40380",+1-916-886-2423,Richard Adams
richard.adams@mockmail.com,a04c9728-bf6c-40cb-a643-c0b435d94261,"2222 Main St, Phoenix, AZ 69560",+1-792-854-7957,Richard Adams
richard.adams@mockmail.com,02aba7b9-a868-4421-b52a-2a4a300a15f4,"1491 Oak Ave, Portland, FL 41720",+1-497-755-4225,Richard Adams
paul.smith@mockmail.com,fda66a19-9c70-414a-9b48-971d29f871be,"4059 River Rd, Austin, TX 61862",+1-322-430-9686,Paul Smith
andrew.baker@mockmail.com,6a44ac76-a68e-46a5-9fee-aea6c063a2eb,"3999 Oak Ave, Phoenix, IL 59111",+1-716-496-9974,Andrew Baker
andrew.baker@mockmail.com,0482ac81-065c-440b-84cf-abf382623bc8,"5737 Broadway, Los Angeles, AZ 53858",+1-749-354-2608,Andrew Baker
andrew.baker@mockmail.com,a77b30a2-6020-463d-9f83-ea00cb9e987a,"5992 Park Ave, Austin, FL 56278",+1-669-214-3673,Andrew Baker
jennifer.white@mockmail.com,6973f868-9548-4405-997b-8524757546ab,"4692 Walnut St, San Antonio, GA 55628",+1-622-284-9502,Jennifer White
jennifer.white@mockmail.com,ab5edfcf-b352-4d13-92e5-be6078d254ef,"3296 Hill St, Los Angeles, FL 63200",+1-232-822-6234,Jennifer White
jennifer.white@mockmail.com,3cb8010a-9d14-4f60-a092-b7206b43f1d6,"4416 Valley Rd, Denver, WA 17993",+1-944-333-7932,Jennifer White
jennifer.white@mockmail.com,2e57f674-72a0-4322-a1c3-b1282d547a27,"5088 Lake Dr, Phoenix, CO 92841",+1-698-475-6375,Jennifer White
james.ramirez@mockmail.com,689aa1cc-8196-4f47-8425-88bff8b6ae69,"1051 Sunset Blvd, New York, GA 72368",+1-717-402-3555,James Ramirez
robert.green@mockmail.com,f74f8a7e-8ae5-4a66-b2d0-a61dae0f30eb,"6963 Pine Rd, Atlanta, GA 87205",+1-422-600-3429,Robert Green
deborah.white@mockmail.com,b7c69c89-dcb9-439b-b430-3f3f7365f0c3,"8061 Cedar Ln, Seattle, NY 35634",+1-272-217-2558,Deborah White
deborah.white@mockmail.com,5839a0d6-315a-4c83-bc81-7c2b85bb93f8,"6524 Pine Rd, Los Angeles, FL 65385",+1-259-908-1339,Deborah White
deborah.white@mockmail.com,212ebfff-3881-427d-946c-7549c161a0b1,"5038 Maple Dr, Los Angeles, GA 95495",+1-664-364-6143,Deborah White
deborah.white@mockmail.com,b2ce6b3e-73c5-48f4-b18b-eed1ff231fe4,"5267 Main St, Austin, IL 88194",+1-660-379-2091,Deborah White
deborah.white@mockmail.com,57902e32-26c4-4fff-abdd-dc1d6fa76b26,"511 River Rd, Houston, CA 15558",+1-762-180-7171,Deborah White
anthony.taylor@mockmail.com,64e4236a-f621-4bed-861b-c44347af5603,"2859 Hill St, San Jose, TX 57007",+1-901-364-7355,Anthony Taylor
anthony.taylor@mockmail.com,f7fbfbe5-8c26-4b84-a72b-1206056674c9,"8435 Broadway, Atlanta, WA 15501",+1-698-731-3368,Anthony Taylor
carol.campbell@mockmail.com,855dc708-5ecf-443c-805a-a33fc517363f,"3758 Birch Blvd, Denver, FL 97082",+1-872-261-9049,Carol Campbell
carol.campbell@mockmail.com,1fbc87cc-f9a5-4f71-b590-683143f48b40,"4549 Cherry Ct, Austin, FL 66963",+1-942-995-3462,Carol Campbell
carol.campbell@mockmail.com,e89ccdca-fd44-4d4f-9fd0-8717bef1ec92,"2546 Forest Ave, Houston, WA 85410",+1-231-380-9082,Carol Campbell
carol.campbell@mockmail.com,af0ddd7f-9a30-4d79-a88a-243b3261e3eb,"3278 Cedar Ln, Atlanta, CA 52774",+1-298-551-2172,Carol Campbell
carol.campbell@mockmail.com,c3f9800a-dbb2-4c51-82f7-3bb042df4fe4,"4794 Cedar Ln, Los Angeles, GA 79634",+1-845-539-7326,Carol Campbell
joshua.martin@mockmail.com,0fb46d5d-dc00-4255-ab35-434bc95a7fe2,"857 Pine Rd, Chicago, GA 42724",+1-946-917-4688,Joshua Martin
joshua.martin@mockmail.com,ff3ec08f-01cf-4de8-9044-9145c4fca385,"3551 Broadway, San Jose, CO 85733",+1-771-418-8367,Joshua Martin
daniel.gonzalez@mockmail.com,89e97574-8525-4d11-9bd8-3adcc31685ff,"6980 Forest Ave, San Jose, TX 12385",+1-539-574-6414,Daniel Gonzalez
daniel.gonzalez@mockmail.com,14617d63-83b0-431d-850e-7e406caf9eca,"5925 River Rd, Miami, CO 60905",+1-213-199-7476,Daniel Gonzalez
joshua.martinez@mockmail.com,0f031f0b-b6ed-4137-8f15-5781dc148140,"9888 Hill St, Portland, NY 76062",+1-341-997-4330,Joshua Martinez
joshua.martinez@mockmail.com,49215961-94e9-4700-8bbd-9d6cecdbd026,"5150 Walnut St, San Antonio, NY 49408",+1-607-710-4560,Joshua Martinez
joshua.martinez@mockmail.com,358b648b-82f5-41db-8ade-1cbe64482478,"4245 Valley Rd, Miami, OR 54351",+1-854-255-3928,Joshua Martinez
joshua.martinez@mockmail.com,98a58ed2-ea43-4c80-9da7-e396e812eb51,"4176 Maple Dr, Atlanta, TX 94338",+1-476-946-5393,Joshua Martinez
matthew.nguyen@mockmail.com,4dc1fdbf-2431-4169-9fad-b1cb22f005ef,"8761 Hill St, Portland, NY 98295",+1-412-331-3956,Matthew Nguyen
mary.jones@mockmail.com,29022d9c-ab5b-407d-b1d3-f1ca1e30ea1e,"5426 Garden Ln, Boston, OR 50269",+1-599-428-1596,Mary Jones
mary.jones@mockmail.com,5c403e8f-0b27-463b-888a-d642c0534fae,"3333 Cedar Ln, Austin, FL 51435",+1-510-231-5123,Mary Jones
mary.jones@mockmail.com,14e2bcd7-0705-421a-8e8d-a2af83cf20df,"3189 Pine Rd, Phoenix, CA 47332",+1-720-299-7588,Mary Jones
mary.jones@mockmail.com,0fd80032-123d-43d3-9ed6-cf2785e6b93c,"5250 Park Ave, Phoenix, NY 16942",+1-658-406-9180,Mary Jones
donna.davis@mockmail.com,3ad16d14-75bb-4a61-aec6-5ccb2102eadf,"8688 Forest Ave, Chicago, TX 85849",+1-829-185-9929,Donna Davis
donna.davis@mockmail.com,85f627d3-19c3-4c34-9b42-81db870823c3,"1353 Oak Ave, Austin, OR 50601",+1-328-203-2525,Donna Davis
kenneth.nguyen@mockmail.com,9f0efce4-7666-4a44-9c9c-97cdea7082e3,"1250 Spring St, Miami, MA 10444",+1-554-265-7763,Kenneth Nguyen
david.brown@mockmail.com,533fc548-bf81-407e-a497-591ca56effeb,"8877 Hill St, Houston, TX 20195",+1-269-697-3516,David Brown
sarah.williams@mockmail.com,0316e5ea-7a05-4eb1-bc30-547a3c63c7ab,"2359 Walnut St, Dallas, NY 53749",+1-494-414-8284,Sarah Williams
sarah.williams@mockmail.com,286783cb-f178-4c3c-81df-bdb5e90dcbcd,"7625 Oak Ave, Miami, MA 24362",+1-736-595-5987,Sarah Williams
sarah.williams@mockmail.com,e8c90841-3129-4757-bf5d-48b13fc9c849,"2178 Walnut St, Los Angeles, FL 93145",+1-407-885-9467,Sarah Williams
sarah.williams@mockmail.com,672511d8-5a57-4300-90c1-c0345582ab85,"3120 Cherry Ct, Chicago, CO 87397",+1-216-489-2298,Sarah Williams
david.martinez@mockmail.com,97e740be-01ca-4c77-a3c7-dd2167d377c5,"3523 Hill St, Boston, CO 83853",+1-395-636-8293,David Martinez
david.martinez@mockmail.com,7b9b36f9-db2f-4acd-9d9f-75fb1b13ecc7,"6610 Cedar Ln, New York, FL 79965",+1-270-137-1393,David Martinez
david.martinez@mockmail.com,4e75e8e9-9b7d-4173-8439-1284eda5863e,"5264 Main St, Seattle, IL 88051",+1-827-379-3844,David Martinez
david.martinez@mockmail.com,87fc6b41-43e8-430a-8ebf-fb395b73919c,"7338 Forest Ave, Dallas, IL 66234",+1-642-277-7512,David Martinez
dorothy.flores@mockmail.com,173b94c3-3951-4611-ad4a-b7f3168c4d8a,"7466 Spring St, Chicago, WA 95717",+1-673-996-8349,Dorothy Flores
dorothy.flores@mockmail.com,1f462638-2108-43ff-bc3d-cc3b38b672f4,"9728 Spring St, Austin, FL 24220",+1-912-709-6774,Dorothy Flores
dorothy.flores@mockmail.com,505d5b57-107b-4d4a-9366-e09a9039031a,"679 Lake Dr, San Antonio, TX 18197",+1-860-678-8505,Dorothy Flores
mary.walker@mockmail.com,4d14bfb0-5e7c-46a6-b141-004b0a09b74c,"7746 Park Ave, Seattle, OR 42490",+1-299-340-7624,Mary Walker
