id,user_id,place,phone,client_name,total_amount,status,note,created_at,updated_at
8ee8326c-6f16-4826-a374-78f687bb3782,f94b173b-62eb-440c-9e83-101caf3c0e1c,"40 Forest Ave, San Antonio, AZ 88695",+1-592-106-4001,John Lewis,394,completed,,2026-02-28 18:29:38.416882,2026-02-28 18:29:38.416882
c70a8d13-ea67-4dca-a7df-b0d5ec914840,f94b173b-62eb-440c-9e83-101caf3c0e1c,"9984 Main St, Seattle, OR 34287",+1-307-308-8122,John Lewis,152,completed,,2026-04-01 13:26:24.416882,2026-04-01 13:26:24.416882
d700370a-01a6-40f6-9943-a20a030e427b,f94b173b-62eb-440c-9e83-101caf3c0e1c,"40 Forest Ave, San Antonio, AZ 88695",+1-592-106-4001,John Lewis,1227,completed,,2026-04-23 15:08:29.416882,2026-04-23 15:08:29.416882
9d9de7c7-3708-4226-8d9f-ec19aa04baea,f94b173b-62eb-440c-9e83-101caf3c0e1c,"40 Forest Ave, San Antonio, AZ 88695",+1-592-106-4001,John Lewis,202,awaiting_delivery,,2025-12-10 07:04:13.416882,2025-12-10 07:04:13.416882
10965ed5-88f8-41ea-b7b0-42bd00bfe031,f94b173b-62eb-440c-9e83-101caf3c0e1c,"40 Forest Ave, San Antonio, AZ 88695",+1-592-106-4001,John Lewis,108,completed,,2026-01-28 16:09:41.416882,2026-01-28 16:09:41.416882
86c84ed4-20a2-40a1-a995-e50bbc6b121b,5af5a380-13a7-435f-b267-960f38345cd7,"3682 Birch Blvd, San Jose, AZ 87804",+1-876-912-1654,Matthew King,102,completed,,2026-02-28 10:00:37.416882,2026-02-28 10:00:37.416882
7c182e8c-9499-4fdb-b42a-6dc0be48253e,5af5a380-13a7-435f-b267-960f38345cd7,"256 Main St, Houston, NY 62679",+1-525-143-1076,Matthew King,1615,completed,,2026-03-26 06:46:27.416882,2026-03-26 06:46:27.416882
71c92470-752d-43c1-b894-892263b8bad1,5af5a380-13a7-435f-b267-960f38345cd7,"256 Main St, Houston, NY 62679",+1-525-143-1076,Matthew King,426,completed,,2026-01-21 21:44:33.416882,2026-01-21 21:44:33.416882
a737daf6-1bc2-4221-81c8-c123eb8b441b,5af5a380-13a7-435f-b267-960f38345cd7,"7220 Garden Ln, New York, FL 77528",+1-330-963-8093,Matthew King,45,shipping,,2025-11-30 22:12:56.416882,2025-11-30 22:12:56.416882
c94c7f5a-ab30-4a4b-88ea-85fde827948b,7147f4d3-dd09-4bfc-a3ed-3a955de63d1c,"1061 Willow Way, Seattle, NY 11177",+1-948-559-4463,Betty Jackson,865,awaiting_delivery,,2026-02-23 12:10:09.416882,2026-02-23 12:10:09.416882
9d173020-557c-4bcb-9d68-5d47f10f86a9,c70373d2-2d0a-49fd-9919-875c3ebc13cb,"691 Birch Blvd, Atlanta, NY 89701",+1-202-156-6139,Donald Mitchell,1970,cancelled,,2026-04-12 19:20:20.416882,2026-04-12 19:20:20.416882
026b1478-b32a-4bd2-b3e1-e5de7db8b526,3ff7adbc-3ede-407e-bb8c-666156c3a84e,"4499 Main St, New York, FL 76623",+1-800-351-3497,Barbara Martinez,113,cancelled,,2025-11-04 23:50:37.416882,2025-11-04 23:50:37.416882
63ac111c-e186-4518-8214-86828e3fd776,3ff7adbc-3ede-407e-bb8c-666156c3a84e,"4499 Main St, New York, FL 76623",+1-800-351-3497,Barbara Martinez,167,completed,,2026-02-06 23:59:07.416882,2026-02-06 23:59:07.416882
42439a15-648a-4450-a552-4eab332d5100,3ff7adbc-3ede-407e-bb8c-666156c3a84e,"4499 Main St, New York, FL 76623",+1-800-351-3497,Barbara Martinez,15,completed,,2026-04-27 23:56:42.416882,2026-04-27 23:56:42.416882
99871ef9-42e0-4dd2-b379-dc54bf4ae174,3ff7adbc-3ede-407e-bb8c-666156c3a84e,"4499 Main St, New York, FL 76623",+1-800-351-3497,Barbara Martinez,192,completed,,2026-04-11 15:10:58.416882,2026-04-11 15:10:58.416882
82fa4023-2054-4b49-8714-5e313a39e722,3ff7adbc-3ede-407e-bb8c-666156c3a84e,"4499 Main St, New York, FL 76623",+1-800-351-3497,Barbara Martinez,56,completed,,2026-01-22 22:54:21.416882,2026-01-22 22:54:21.416882
70509f54-cdd8-487a-9f74-5beae48fcd46,60b6f64a-c87f-4cd3-8b16-244000e841fe,"5724 Lake Dr, San Antonio, CO 18332",+1-366-452-1415,Kevin Hernandez,3392,cancelled,,2026-03-31 18:22:50.416882,2026-03-31 18:22:50.416882
d097fdac-abfa-40ce-be87-171372f0f9ba,60b6f64a-c87f-4cd3-8b16-244000e841fe,"3399 Forest Ave, Atlanta, OR 53616",+1-411-427-3668,Kevin Hernandez,219,completed,,2025-11-08 03:32:08.416882,2025-11-08 03:32:08.416882
443a6b4a-4150-4ec7-843c-7c5bb39908b2,60b6f64a-c87f-4cd3-8b16-244000e841fe,"5724 Lake Dr, San Antonio, CO 18332",+1-366-452-1415,Kevin Hernandez,90,returning,,2025-11-26 17:57:09.416882,2025-11-26 17:57:09.416882
a6e7df63-02f2-4855-a21d-7ab6a514f8fa,60b6f64a-c87f-4cd3-8b16-244000e841fe,"3399 Forest Ave, Atlanta, OR 53616",+1-411-427-3668,Kevin Hernandez,244,awaiting_delivery,,2025-11-22 09:49:12.416882,2025-11-22 09:49:12.416882
c38c2c20-a4e6-4b6a-9e0d-41673b227333,9c9b68e2-c59a-4d16-9d91-2c0f99203346,"9075 Lake Dr, Boston, CA 66173",+1-399-168-7218,Daniel Smith,560,cancelled,,2026-01-12 00:21:37.416882,2026-01-12 00:21:37.416882
0eae9ccf-5e47-461a-bddf-d5de892bc981,9c9b68e2-c59a-4d16-9d91-2c0f99203346,"9075 Lake Dr, Boston, CA 66173",+1-399-168-7218,Daniel Smith,408,completed,,2026-02-06 23:51:14.416882,2026-02-06 23:51:14.416882
edb8af8e-a55a-439e-98e3-75bb66bc1bd9,9c9b68e2-c59a-4d16-9d91-2c0f99203346,"2422 Elm St, Dallas, GA 23585",+1-817-181-1404,Daniel Smith,36,completed,,2025-12-03 06:41:20.416882,2025-12-03 06:41:20.416882
eb8fce37-2dff-4737-8176-fe926d4dd537,26d3ed93-720a-4667-8b60-f59697b79619,"622 Broadway, Austin, CO 85161",+1-914-794-6476,William Anderson,169,awaiting_delivery,,2025-12-22 19:14:48.416882,2025-12-22 19:14:48.416882
cdfaa8e3-494b-48d6-aa36-fa4000ee7669,26d3ed93-720a-4667-8b60-f59697b79619,"622 Broadway, Austin, CO 85161",+1-914-794-6476,William Anderson,121,completed,,2025-12-11 02:52:22.416882,2025-12-11 02:52:22.416882
ebb1cd1c-2391-4a40-9047-cdb412cde60c,26d3ed93-720a-4667-8b60-f59697b79619,"622 Broadway, Austin, CO 85161",+1-914-794-6476,William Anderson,531,completed,,2026-02-19 04:05:36.416882,2026-02-19 04:05:36.416882
bc717d6e-006f-4750-99da-15bcccf11bd9,26d3ed93-720a-4667-8b60-f59697b79619,"622 Broadway, Austin, CO 85161",+1-914-794-6476,William Anderson,1788,completed,,2026-02-04 14:46:49.416882,2026-02-04 14:46:49.416882
5850bfcf-26ff-4513-8e96-4a90f6b9618f,26d3ed93-720a-4667-8b60-f59697b79619,"622 Broadway, Austin, CO 85161",+1-914-794-6476,William Anderson,321,shipping,,2026-02-01 04:49:21.416882,2026-02-01 04:49:21.416882
d9c50b21-a0a9-4dc4-b434-2bbb0ac1abd2,26d3ed93-720a-4667-8b60-f59697b79619,"622 Broadway, Austin, CO 85161",+1-914-794-6476,William Anderson,172,completed,,2025-11-19 06:57:05.416882,2025-11-19 06:57:05.416882
a920fabb-a74e-4461-8346-cdbac6460210,26d3ed93-720a-4667-8b60-f59697b79619,"622 Broadway, Austin, CO 85161",+1-914-794-6476,William Anderson,606,completed,,2026-04-30 03:44:14.416882,2026-04-30 03:44:14.416882
9d168f28-f1a3-46ad-bd99-8b5415fea589,26d3ed93-720a-4667-8b60-f59697b79619,"622 Broadway, Austin, CO 85161",+1-914-794-6476,William Anderson,450,shipping,,2026-03-29 02:44:10.416882,2026-03-29 02:44:10.416882
29d8c84a-b591-4c28-ad85-51efad2085aa,ace58789-7fe6-448c-a5b7-71729fd0ca0a,"5312 Oak Ave, San Antonio, IL 53030",+1-470-483-4335,Brian Carter,1137,shipping,,2026-01-07 00:37:31.416882,2026-01-07 00:37:31.416882
2eb5dfe8-326d-4eb5-b960-29778d15ecaa,ace58789-7fe6-448c-a5b7-71729fd0ca0a,"5312 Oak Ave, San Antonio, IL 53030",+1-470-483-4335,Brian Carter,297,completed,,2026-04-10 17:56:41.416882,2026-04-10 17:56:41.416882
c35669f6-43c4-4eb9-9e0f-9898dfa5fdb9,ace58789-7fe6-448c-a5b7-71729fd0ca0a,"5312 Oak Ave, San Antonio, IL 53030",+1-470-483-4335,Brian Carter,3376,completed,,2025-11-04 16:08:28.416882,2025-11-04 16:08:28.416882
d3e5e62a-8ab7-4e8b-9429-ab2bf6ecdb9f,ace58789-7fe6-448c-a5b7-71729fd0ca0a,"5312 Oak Ave, San Antonio, IL 53030",+1-470-483-4335,Brian Carter,2476,cancelled,,2026-03-09 03:02:03.416882,2026-03-09 03:02:03.416882
cc66290f-40ef-4738-b0ce-d82b8f2c3f9b,ace58789-7fe6-448c-a5b7-71729fd0ca0a,"5312 Oak Ave, San Antonio, IL 53030",+1-470-483-4335,Brian Carter,465,completed,,2025-12-28 01:38:11.416882,2025-12-28 01:38:11.416882
adb5a695-f53c-46d9-9c95-b38c74742832,ace58789-7fe6-448c-a5b7-71729fd0ca0a,"5312 Oak Ave, San Antonio, IL 53030",+1-470-483-4335,Brian Carter,3676,completed,,2026-04-04 19:01:08.416882,2026-04-04 19:01:08.416882
ea9a6f19-7114-48ab-a4af-fa8e842eccdc,ace58789-7fe6-448c-a5b7-71729fd0ca0a,"5312 Oak Ave, San Antonio, IL 53030",+1-470-483-4335,Brian Carter,628,cancelled,,2026-04-13 11:36:21.416882,2026-04-13 11:36:21.416882
3815736e-ed2b-4b30-ba02-a92b3c04a048,9855815a-75d2-4cd0-891d-f926824c6254,"7556 Elm St, Los Angeles, MA 79932",+1-761-965-9557,John Green,48,cancelled,,2026-03-12 07:38:49.416882,2026-03-12 07:38:49.416882
4a1347c6-9c3f-4387-8ace-0d9a554ecfe4,9855815a-75d2-4cd0-891d-f926824c6254,"7556 Elm St, Los Angeles, MA 79932",+1-761-965-9557,John Green,296,cancelled,,2025-11-29 01:08:40.416882,2025-11-29 01:08:40.416882
1651418e-0d3d-4ae9-a30b-4a9491441ea8,9855815a-75d2-4cd0-891d-f926824c6254,"7556 Elm St, Los Angeles, MA 79932",+1-761-965-9557,John Green,210,completed,,2026-04-20 13:50:59.416882,2026-04-20 13:50:59.416882
b1b88ae1-435e-473e-96eb-0167f401e415,9855815a-75d2-4cd0-891d-f926824c6254,"7556 Elm St, Los Angeles, MA 79932",+1-761-965-9557,John Green,776,shipping,,2025-12-03 21:43:46.416882,2025-12-03 21:43:46.416882
04afd61b-5ad4-4f14-bc53-61d984eb2771,9855815a-75d2-4cd0-891d-f926824c6254,"7556 Elm St, Los Angeles, MA 79932",+1-761-965-9557,John Green,502,completed,,2026-01-23 03:32:08.416882,2026-01-23 03:32:08.416882
c20010df-750f-4104-a190-5a3edacc1117,1f8cc1ad-734d-415e-94da-6aeb8f4704bb,"9098 Maple Dr, Seattle, TX 77524",+1-625-875-1235,Donna Perez,1841,returning,,2026-04-28 14:44:19.416882,2026-04-28 14:44:19.416882
b4695817-90d3-43e6-b9d7-831cf887cd58,1f8cc1ad-734d-415e-94da-6aeb8f4704bb,"9098 Maple Dr, Seattle, TX 77524",+1-625-875-1235,Donna Perez,3768,shipping,,2025-11-04 08:24:17.416882,2025-11-04 08:24:17.416882
38f1ca64-17ee-47e9-aaf1-ac82680c5512,1f8cc1ad-734d-415e-94da-6aeb8f4704bb,"3834 Walnut St, Austin, FL 39455",+1-710-817-9815,Donna Perez,120,awaiting_delivery,,2025-12-10 23:57:51.416882,2025-12-10 23:57:51.416882
e009a9f9-d678-462b-820b-8544e7a3c810,1f8cc1ad-734d-415e-94da-6aeb8f4704bb,"3834 Walnut St, Austin, FL 39455",+1-710-817-9815,Donna Perez,88,completed,,2026-01-20 23:45:56.416882,2026-01-20 23:45:56.416882
9b4ec4ef-5d26-49de-92e4-3cdf59ae8d0b,1f8cc1ad-734d-415e-94da-6aeb8f4704bb,"9098 Maple Dr, Seattle, TX 77524",+1-625-875-1235,Donna Perez,81,completed,,2026-01-07 18:18:22.416882,2026-01-07 18:18:22.416882
58ead9c4-3780-428e-884b-1dc74915a20b,1f8cc1ad-734d-415e-94da-6aeb8f4704bb,"3834 Walnut St, Austin, FL 39455",+1-710-817-9815,Donna Perez,368,shipping,,2026-02-04 14:03:40.416882,2026-02-04 14:03:40.416882
a2197e8f-6ece-411b-97aa-f16f85a16ae3,1f8cc1ad-734d-415e-94da-6aeb8f4704bb,"9098 Maple Dr, Seattle, TX 77524",+1-625-875-1235,Donna Perez,168,completed,,2025-12-19 19:03:03.416882,2025-12-19 19:03:03.416882
35526e66-a660-4f50-a788-197727bc1ce3,1f8cc1ad-734d-415e-94da-6aeb8f4704bb,"3834 Walnut St, Austin, FL 39455",+1-710-817-9815,Donna Perez,1168,returning,,2026-01-21 06:55:28.416882,2026-01-21 06:55:28.416882
24882723-c54f-46d6-9b3f-a2daeeb9fe3c,1f8cc1ad-734d-415e-94da-6aeb8f4704bb,"3834 Walnut St, Austin, FL 39455",+1-710-817-9815,Donna Perez,803,completed,,2025-12-09 02:03:31.416882,2025-12-09 02:03:31.416882
8593eb32-58a7-44af-b46d-8d98d6642f29,fd75451c-5221-4a91-a7f4-0f7d81f86aaa,"294 River Rd, Los Angeles, GA 75137",+1-261-753-1799,Emily Campbell,148,completed,,2026-01-05 01:19:26.416882,2026-01-05 01:19:26.416882
ff684706-1ea6-4acf-8a05-e1eab5a89bd2,fd75451c-5221-4a91-a7f4-0f7d81f86aaa,"3321 Spring St, Atlanta, TX 76128",+1-659-763-5301,Emily Campbell,509,shipping,,2026-02-04 16:23:06.416882,2026-02-04 16:23:06.416882
f681e255-f38d-420e-8bda-5b466a37697e,fd75451c-5221-4a91-a7f4-0f7d81f86aaa,"3321 Spring St, Atlanta, TX 76128",+1-659-763-5301,Emily Campbell,237,completed,,2026-01-27 20:40:43.416882,2026-01-27 20:40:43.416882
dc8e2eff-a8c3-43bb-b48a-ebc78b3aa7b9,fd75451c-5221-4a91-a7f4-0f7d81f86aaa,"3321 Spring St, Atlanta, TX 76128",+1-659-763-5301,Emily Campbell,1158,completed,,2026-03-27 21:17:04.416882,2026-03-27 21:17:04.416882
aaf60eff-f48d-4e77-8cd9-959dfa7418f9,fd75451c-5221-4a91-a7f4-0f7d81f86aaa,"3321 Spring St, Atlanta, TX 76128",+1-659-763-5301,Emily Campbell,132,awaiting_delivery,,2025-11-11 07:34:40.416882,2025-11-11 07:34:40.416882
5040b5c2-26d9-4ba1-964d-3b4d725b30f6,460bcd4f-5eb9-4296-8125-ef736704c124,"4814 Cherry Ct, San Jose, IL 36498",+1-957-350-9956,Steven Smith,766,completed,,2026-02-16 06:35:14.416882,2026-02-16 06:35:14.416882
a48c1f39-5d1d-4779-881f-7fddd5539a5e,460bcd4f-5eb9-4296-8125-ef736704c124,"2048 River Rd, Atlanta, CO 86713",+1-953-939-7944,Steven Smith,191,shipping,,2026-01-01 16:29:07.416882,2026-01-01 16:29:07.416882
4bdbe135-081e-4934-9824-223a374f27c1,7d8e662e-1282-455c-b649-dd309a7a04be,"4372 Cherry Ct, Denver, MA 87744",+1-619-151-8729,Mark Walker,20,completed,,2025-11-23 00:32:10.416882,2025-11-23 00:32:10.416882
111919b3-7196-4671-863b-5a65d3bf3c9f,7d8e662e-1282-455c-b649-dd309a7a04be,"7157 Maple Dr, Dallas, MA 59160",+1-724-680-2594,Mark Walker,3511,completed,,2026-04-20 13:47:20.416882,2026-04-20 13:47:20.416882
7ab5456d-a08c-49ad-b13f-53c51623a90c,f41146da-423a-49fd-9afc-c0a280232f61,"5003 River Rd, Seattle, WA 60066",+1-662-429-9218,Andrew Brown,597,returning,,2026-04-09 11:49:43.416882,2026-04-09 11:49:43.416882
6dc4b540-4a26-4f10-9f0b-1339f31e8c29,f41146da-423a-49fd-9afc-c0a280232f61,"5003 River Rd, Seattle, WA 60066",+1-662-429-9218,Andrew Brown,109,awaiting_delivery,,2026-02-08 12:44:09.416882,2026-02-08 12:44:09.416882
3966b282-1c45-4b59-9792-c9bebcf534eb,ebbd4cbe-0a75-4985-bbc4-8fa0a831b1d2,"8512 Spring St, Chicago, MA 11700",+1-295-515-7285,Carol Jackson,293,shipping,,2026-01-10 11:02:07.416882,2026-01-10 11:02:07.416882
5f3566ab-4fcc-4811-843b-1b424b738eef,ebbd4cbe-0a75-4985-bbc4-8fa0a831b1d2,"7317 Birch Blvd, Miami, AZ 69777",+1-424-826-5294,Carol Jackson,351,cancelled,,2026-02-26 17:03:01.416882,2026-02-26 17:03:01.416882
17794602-363e-4d5f-8a0f-d5b031462333,ebbd4cbe-0a75-4985-bbc4-8fa0a831b1d2,"8617 Spring St, Austin, CO 63986",+1-257-484-1239,Carol Jackson,270,cancelled,,2026-01-17 21:47:12.416882,2026-01-17 21:47:12.416882
babcc960-d89d-487a-a660-9818dd1efd94,ebbd4cbe-0a75-4985-bbc4-8fa0a831b1d2,"8512 Spring St, Chicago, MA 11700",+1-295-515-7285,Carol Jackson,279,shipping,,2026-03-15 06:57:37.416882,2026-03-15 06:57:37.416882
18b96bde-72e6-4528-a715-985406009eac,ebbd4cbe-0a75-4985-bbc4-8fa0a831b1d2,"8617 Spring St, Austin, CO 63986",+1-257-484-1239,Carol Jackson,21,cancelled,,2026-02-25 08:27:45.416882,2026-02-25 08:27:45.416882
215b7756-e86e-481b-89db-75d5c9a89264,ebbd4cbe-0a75-4985-bbc4-8fa0a831b1d2,"8617 Spring St, Austin, CO 63986",+1-257-484-1239,Carol Jackson,2,completed,,2026-04-27 17:07:44.416882,2026-04-27 17:07:44.416882
bbb897c8-e4ad-4b1e-9e40-cd61aad853e5,ebbd4cbe-0a75-4985-bbc4-8fa0a831b1d2,"7437 Valley Rd, Miami, CA 91256",+1-690-596-6902,Carol Jackson,920,completed,,2026-03-08 23:27:47.416882,2026-03-08 23:27:47.416882
ebf80824-f4e6-454d-82a7-d222218c4dde,4d10c711-a7f5-4386-b042-110a980dc72d,"9917 Cherry Ct, Los Angeles, WA 64202",+1-489-194-4888,Christopher Hernandez,290,completed,,2026-01-25 05:56:37.416882,2026-01-25 05:56:37.416882
8696de3c-d559-4494-ba6c-91adcced6bb6,4d10c711-a7f5-4386-b042-110a980dc72d,"9917 Cherry Ct, Los Angeles, WA 64202",+1-489-194-4888,Christopher Hernandez,437,completed,,2026-04-28 19:47:12.416882,2026-04-28 19:47:12.416882
633d7ceb-8fbe-444f-8401-3eefbfd4deb7,4d10c711-a7f5-4386-b042-110a980dc72d,"9917 Cherry Ct, Los Angeles, WA 64202",+1-489-194-4888,Christopher Hernandez,207,cancelled,,2026-01-08 04:00:11.416882,2026-01-08 04:00:11.416882
a2f5ec3d-14d7-47a6-bae6-2e2d0b258b5b,4d10c711-a7f5-4386-b042-110a980dc72d,"9917 Cherry Ct, Los Angeles, WA 64202",+1-489-194-4888,Christopher Hernandez,329,shipping,,2026-01-20 23:55:16.416882,2026-01-20 23:55:16.416882
f13cd5a1-3893-4e05-9dd4-e56b8112c925,4d10c711-a7f5-4386-b042-110a980dc72d,"9917 Cherry Ct, Los Angeles, WA 64202",+1-489-194-4888,Christopher Hernandez,620,completed,,2025-11-23 16:34:54.416882,2025-11-23 16:34:54.416882
0ecc4233-b507-4525-8ad6-edae0ac231fc,4d10c711-a7f5-4386-b042-110a980dc72d,"9917 Cherry Ct, Los Angeles, WA 64202",+1-489-194-4888,Christopher Hernandez,207,completed,,2026-03-25 16:40:32.416882,2026-03-25 16:40:32.416882
b4b6dbc8-9e99-47b0-83e1-7708bf8b5a91,4d10c711-a7f5-4386-b042-110a980dc72d,"9917 Cherry Ct, Los Angeles, WA 64202",+1-489-194-4888,Christopher Hernandez,594,completed,,2025-12-02 11:11:57.416882,2025-12-02 11:11:57.416882
bebfa788-c893-4068-93ac-6f966f2fa8af,4d10c711-a7f5-4386-b042-110a980dc72d,"9917 Cherry Ct, Los Angeles, WA 64202",+1-489-194-4888,Christopher Hernandez,159,awaiting_delivery,,2026-03-23 08:56:08.416882,2026-03-23 08:56:08.416882
62abc007-2625-4c38-bb76-86775248e5ea,cca6f920-8dbf-480e-873b-095336471750,"8860 Oak Ave, Austin, NY 18713",+1-984-305-2831,Melissa Smith,744,cancelled,,2026-01-17 03:17:40.416882,2026-01-17 03:17:40.416882
5eea3bf6-9d72-40b1-8f73-baf2fc06584f,cca6f920-8dbf-480e-873b-095336471750,"2860 Lake Dr, Phoenix, WA 88885",+1-995-114-1174,Melissa Smith,100,shipping,,2026-01-26 06:48:27.416882,2026-01-26 06:48:27.416882
8fb6ce60-ec86-469c-9a35-0634fd501ccc,cca6f920-8dbf-480e-873b-095336471750,"2860 Lake Dr, Phoenix, WA 88885",+1-995-114-1174,Melissa Smith,2046,cancelled,,2025-12-31 07:51:55.416882,2025-12-31 07:51:55.416882
2a677227-2929-48b5-8394-2e81d7b6ed34,cca6f920-8dbf-480e-873b-095336471750,"8860 Oak Ave, Austin, NY 18713",+1-984-305-2831,Melissa Smith,40,awaiting_delivery,,2025-11-19 16:43:11.416882,2025-11-19 16:43:11.416882
bc71c05a-1b20-4ce9-b964-4d9c2e3f27b8,cca6f920-8dbf-480e-873b-095336471750,"3124 Hill St, Dallas, CO 69220",+1-968-300-9810,Melissa Smith,297,cancelled,,2026-02-02 10:12:49.416882,2026-02-02 10:12:49.416882
7ebb7079-f2e6-42ce-8f68-158c8938b79f,cca6f920-8dbf-480e-873b-095336471750,"3124 Hill St, Dallas, CO 69220",+1-968-300-9810,Melissa Smith,143,completed,,2025-11-07 04:28:43.416882,2025-11-07 04:28:43.416882
080cc04b-7be7-4473-877a-c685d59b5907,cca6f920-8dbf-480e-873b-095336471750,"8860 Oak Ave, Austin, NY 18713",+1-984-305-2831,Melissa Smith,466,completed,,2026-01-09 05:32:46.416882,2026-01-09 05:32:46.416882
9cca99c1-692d-4152-9679-08aeb361b7b4,cca6f920-8dbf-480e-873b-095336471750,"8860 Oak Ave, Austin, NY 18713",+1-984-305-2831,Melissa Smith,121,shipping,,2026-02-12 07:31:08.416882,2026-02-12 07:31:08.416882
a2fcd084-b5d8-46f3-9ecc-4731dc911f08,f5f58b03-6cb4-4c52-b798-6adc1b68cc16,"48 Spring St, Dallas, CO 83094",+1-622-527-9321,Timothy Adams,2741,completed,,2025-12-10 12:06:57.416882,2025-12-10 12:06:57.416882
09be03e6-8092-4124-8430-11c72b9d6bb9,f5f58b03-6cb4-4c52-b798-6adc1b68cc16,"48 Spring St, Dallas, CO 83094",+1-622-527-9321,Timothy Adams,427,cancelled,,2026-04-03 19:46:23.416882,2026-04-03 19:46:23.416882
91533ac8-28b5-400c-a5dc-e430302bd2f1,f5f58b03-6cb4-4c52-b798-6adc1b68cc16,"1481 Elm St, Austin, NY 69212",+1-254-912-9699,Timothy Adams,3050,completed,,2026-03-05 00:43:14.416882,2026-03-05 00:43:14.416882
dbeb68b6-aa27-4724-86be-af2230960cf5,f5f58b03-6cb4-4c52-b798-6adc1b68cc16,"1481 Elm St, Austin, NY 69212",+1-254-912-9699,Timothy Adams,159,completed,,2026-04-03 11:52:22.416882,2026-04-03 11:52:22.416882
7c7044fc-ff67-4d66-99b5-c6fa84f987fd,f5f58b03-6cb4-4c52-b798-6adc1b68cc16,"1481 Elm St, Austin, NY 69212",+1-254-912-9699,Timothy Adams,54,completed,,2026-04-03 16:03:28.416882,2026-04-03 16:03:28.416882
b5b9d8ae-f4ad-41f2-a985-f3a9e4249172,f5f58b03-6cb4-4c52-b798-6adc1b68cc16,"48 Spring St, Dallas, CO 83094",+1-622-527-9321,Timothy Adams,251,completed,,2026-01-17 09:45:33.416882,2026-01-17 09:45:33.416882
f7508d0e-25b0-498e-980f-2aa48ef25035,f5f58b03-6cb4-4c52-b798-6adc1b68cc16,"1481 Elm St, Austin, NY 69212",+1-254-912-9699,Timothy Adams,34,completed,,2026-04-25 19:17:03.416882,2026-04-25 19:17:03.416882
52c198b7-a80f-471f-9012-3b9d03adc78f,f5f58b03-6cb4-4c52-b798-6adc1b68cc16,"9646 Sunset Blvd, New York, IL 41531",+1-981-398-9378,Timothy Adams,162,cancelled,,2025-11-12 22:15:54.416882,2025-11-12 22:15:54.416882
cb604705-1777-45f5-9f61-0305d2e63054,f5f58b03-6cb4-4c52-b798-6adc1b68cc16,"1481 Elm St, Austin, NY 69212",+1-254-912-9699,Timothy Adams,42,completed,,2026-02-19 03:31:54.416882,2026-02-19 03:31:54.416882
312eb3a7-a236-47cd-bd59-747ccb7b735e,f5f58b03-6cb4-4c52-b798-6adc1b68cc16,"9646 Sunset Blvd, New York, IL 41531",+1-981-398-9378,Timothy Adams,317,shipping,,2025-11-29 21:59:36.416882,2025-11-29 21:59:36.416882
966d98f9-64d5-4a31-9fcc-f60a4e4c6774,7f9c7835-ba67-40ef-be4c-d3ff1cadeb18,"4690 Garden Ln, Los Angeles, WA 82164",+1-680-466-6436,Lisa Rivera,42,completed,,2025-12-31 16:45:29.416882,2025-12-31 16:45:29.416882
47cc461f-9084-4bc7-915e-ddd5956afc27,7f9c7835-ba67-40ef-be4c-d3ff1cadeb18,"4584 Main St, Portland, AZ 26200",+1-699-420-7769,Lisa Rivera,18,shipping,,2026-01-23 17:13:10.416882,2026-01-23 17:13:10.416882
0e2f92be-36f0-48e6-8d91-be27e7f3ad72,7f9c7835-ba67-40ef-be4c-d3ff1cadeb18,"4690 Garden Ln, Los Angeles, WA 82164",+1-680-466-6436,Lisa Rivera,104,completed,,2025-12-14 02:45:25.416882,2025-12-14 02:45:25.416882
5d5c4a30-3f0c-4029-9d97-9497cdf82b2b,7f9c7835-ba67-40ef-be4c-d3ff1cadeb18,"4584 Main St, Portland, AZ 26200",+1-699-420-7769,Lisa Rivera,33,completed,,2025-12-22 16:40:27.416882,2025-12-22 16:40:27.416882
dacb2e4c-4611-4826-972e-832a1fd7136b,7f9c7835-ba67-40ef-be4c-d3ff1cadeb18,"4584 Main St, Portland, AZ 26200",+1-699-420-7769,Lisa Rivera,1067,awaiting_delivery,,2026-01-12 18:20:54.416882,2026-01-12 18:20:54.416882
4836850d-2cfa-4a10-9227-345fd425aad3,7b13470f-6c49-437b-a374-d393aaa1af3d,"8595 Broadway, Denver, WA 60373",+1-421-520-3317,Donald Johnson,153,completed,,2026-03-10 01:26:57.416882,2026-03-10 01:26:57.416882
2537f7c0-a67e-422f-9355-b9c992e0ac80,7b13470f-6c49-437b-a374-d393aaa1af3d,"8595 Broadway, Denver, WA 60373",+1-421-520-3317,Donald Johnson,20,completed,,2026-01-16 02:02:55.416882,2026-01-16 02:02:55.416882
35386955-cfa0-4cc4-bd30-596e5c5c4e1a,7b13470f-6c49-437b-a374-d393aaa1af3d,"8595 Broadway, Denver, WA 60373",+1-421-520-3317,Donald Johnson,324,completed,,2026-02-28 18:54:47.416882,2026-02-28 18:54:47.416882
4bd21bd5-feb7-42ec-8897-44e822045558,7b13470f-6c49-437b-a374-d393aaa1af3d,"8595 Broadway, Denver, WA 60373",+1-421-520-3317,Donald Johnson,100,completed,,2025-11-25 06:39:34.416882,2025-11-25 06:39:34.416882
6b80b47d-4ba4-4ab2-be47-5e06c829599f,7b13470f-6c49-437b-a374-d393aaa1af3d,"8595 Broadway, Denver, WA 60373",+1-421-520-3317,Donald Johnson,378,awaiting_delivery,,2025-11-03 03:36:19.416882,2025-11-03 03:36:19.416882
e8ea0c8c-2737-41c6-8796-f291b0374518,7b13470f-6c49-437b-a374-d393aaa1af3d,"8595 Broadway, Denver, WA 60373",+1-421-520-3317,Donald Johnson,158,completed,,2025-11-10 13:15:41.416882,2025-11-10 13:15:41.416882
57ab443c-efdb-42ef-b0e5-21e979141712,7b13470f-6c49-437b-a374-d393aaa1af3d,"8595 Broadway, Denver, WA 60373",+1-421-520-3317,Donald Johnson,288,completed,,2026-01-23 11:01:02.416882,2026-01-23 11:01:02.416882
8efdfde6-1d84-42b6-b804-f5dc13b0faa5,7b13470f-6c49-437b-a374-d393aaa1af3d,"8595 Broadway, Denver, WA 60373",+1-421-520-3317,Donald Johnson,1688,completed,,2026-04-03 00:57:26.416882,2026-04-03 00:57:26.416882
6c3a5fb1-6385-4554-afdd-78ce68b35b1b,7b13470f-6c49-437b-a374-d393aaa1af3d,"8595 Broadway, Denver, WA 60373",+1-421-520-3317,Donald Johnson,157,cancelled,,2025-12-09 09:02:34.416882,2025-12-09 09:02:34.416882
f6370f27-5047-41e8-905f-d32a630c80dd,7b13470f-6c49-437b-a374-d393aaa1af3d,"8595 Broadway, Denver, WA 60373",+1-421-520-3317,Donald Johnson,301,awaiting_delivery,,2026-01-26 03:44:49.416882,2026-01-26 03:44:49.416882
994326ea-63f5-4723-afb9-a30f21736482,cbc75780-1500-44c8-98a6-5c010a919a68,"2366 Willow Way, Los Angeles, CA 58626",+1-326-948-5943,Ashley Moore,57,cancelled,,2026-01-02 09:06:43.416882,2026-01-02 09:06:43.416882
59ab4c69-d826-4e6d-8626-ec5e8b9e6a3b,cbc75780-1500-44c8-98a6-5c010a919a68,"3444 Garden Ln, New York, OR 18212",+1-265-284-3593,Ashley Moore,202,awaiting_delivery,,2025-11-13 15:48:51.416882,2025-11-13 15:48:51.416882
33235f8b-4681-4e69-a9a3-0d7cdd8235fa,cbc75780-1500-44c8-98a6-5c010a919a68,"3938 Broadway, New York, AZ 59466",+1-828-949-8982,Ashley Moore,438,completed,,2025-12-23 22:43:05.416882,2025-12-23 22:43:05.416882
cf7531a0-ef5e-4280-bcae-e37b48edad2b,cbc75780-1500-44c8-98a6-5c010a919a68,"3938 Broadway, New York, AZ 59466",+1-828-949-8982,Ashley Moore,56,completed,,2025-11-07 15:33:16.416882,2025-11-07 15:33:16.416882
b618ae7b-ba39-485b-8faa-a253b8513edd,cbc75780-1500-44c8-98a6-5c010a919a68,"3938 Broadway, New York, AZ 59466",+1-828-949-8982,Ashley Moore,2642,completed,,2025-12-09 03:14:47.416882,2025-12-09 03:14:47.416882
6a3fb5ec-cada-4071-82c9-9e142bafb43d,cbc75780-1500-44c8-98a6-5c010a919a68,"7529 Valley Rd, Dallas, TX 32656",+1-583-986-2875,Ashley Moore,268,completed,,2026-01-26 01:47:18.416882,2026-01-26 01:47:18.416882
909bbb9c-2804-4c7f-8b16-bf1965b11629,cbc75780-1500-44c8-98a6-5c010a919a68,"7529 Valley Rd, Dallas, TX 32656",+1-583-986-2875,Ashley Moore,172,completed,,2025-11-01 22:02:20.416882,2025-11-01 22:02:20.416882
d8e4c5c1-f902-4693-b2d3-4b820aaab698,cbc75780-1500-44c8-98a6-5c010a919a68,"3038 Main St, Portland, CO 28066",+1-673-642-1260,Ashley Moore,80,cancelled,,2026-01-19 11:47:21.416882,2026-01-19 11:47:21.416882
1852236b-7ced-4c7c-891d-568dd834b43b,2c4f96c0-aa16-4fcd-a10a-606a919b018c,"118 Walnut St, Phoenix, GA 61909",+1-244-605-1810,Mary Miller,276,shipping,,2026-02-02 10:54:55.416882,2026-02-02 10:54:55.416882
bd23e164-7f20-4882-99b7-85995b01ab28,2c4f96c0-aa16-4fcd-a10a-606a919b018c,"3350 Pine Rd, Boston, GA 32518",+1-706-774-8963,Mary Miller,405,awaiting_delivery,,2025-12-22 18:43:05.416882,2025-12-22 18:43:05.416882
65483b2b-d776-40ad-a442-539d0e03db95,2c4f96c0-aa16-4fcd-a10a-606a919b018c,"643 Main St, Dallas, FL 89094",+1-705-295-4092,Mary Miller,71,completed,,2026-02-02 14:41:24.416882,2026-02-02 14:41:24.416882
efad8c7e-3f5e-43ef-989b-a16f020ed8e3,2c4f96c0-aa16-4fcd-a10a-606a919b018c,"3350 Pine Rd, Boston, GA 32518",+1-706-774-8963,Mary Miller,2061,awaiting_delivery,,2025-11-08 00:37:45.416882,2025-11-08 00:37:45.416882
993c0a31-1cd8-4a36-b415-420a76a02abd,2c4f96c0-aa16-4fcd-a10a-606a919b018c,"118 Walnut St, Phoenix, GA 61909",+1-244-605-1810,Mary Miller,12,completed,,2025-12-10 05:35:31.416882,2025-12-10 05:35:31.416882
e3f14c59-7f5a-4345-8350-e62f405b7116,2c4f96c0-aa16-4fcd-a10a-606a919b018c,"118 Walnut St, Phoenix, GA 61909",+1-244-605-1810,Mary Miller,1300,completed,,2026-02-22 00:53:58.416882,2026-02-22 00:53:58.416882
2382bf35-3109-4edb-acd8-af3e11d7167c,2c4f96c0-aa16-4fcd-a10a-606a919b018c,"643 Main St, Dallas, FL 89094",+1-705-295-4092,Mary Miller,255,cancelled,,2026-03-26 01:03:29.416882,2026-03-26 01:03:29.416882
064a67e9-dd0b-4ee3-bb17-5a43e071b8f9,3601f54d-4c94-4dd0-ad37-805af5a45ba1,"5834 Cedar Ln, San Antonio, CO 99429",+1-391-368-7529,William Clark,527,completed,,2026-02-27 20:48:38.416882,2026-02-27 20:48:38.416882
cb88678e-a80e-4bf9-b3a3-cc2cefdf26c2,3601f54d-4c94-4dd0-ad37-805af5a45ba1,"3393 Willow Way, Atlanta, AZ 17068",+1-973-191-6880,William Clark,2352,shipping,,2026-03-24 03:24:07.416882,2026-03-24 03:24:07.416882
ab2dd861-7d0b-4890-bbc1-e6524d190e02,3601f54d-4c94-4dd0-ad37-805af5a45ba1,"5834 Cedar Ln, San Antonio, CO 99429",+1-391-368-7529,William Clark,200,awaiting_delivery,,2026-01-27 02:14:15.416882,2026-01-27 02:14:15.416882
a8438188-8807-4dff-ae1b-806f93d0cd7e,3601f54d-4c94-4dd0-ad37-805af5a45ba1,"5834 Cedar Ln, San Antonio, CO 99429",+1-391-368-7529,William Clark,8,completed,,2025-11-29 14:27:27.416882,2025-11-29 14:27:27.416882
753a562e-c03a-4f21-a69f-cfade6e48d69,3601f54d-4c94-4dd0-ad37-805af5a45ba1,"5834 Cedar Ln, San Antonio, CO 99429",+1-391-368-7529,William Clark,137,returning,,2026-02-01 19:36:01.416882,2026-02-01 19:36:01.416882
17e9adc6-1c66-44bd-9d05-134e8f8a3718,3601f54d-4c94-4dd0-ad37-805af5a45ba1,"3393 Willow Way, Atlanta, AZ 17068",+1-973-191-6880,William Clark,770,completed,,2026-01-29 05:00:14.416882,2026-01-29 05:00:14.416882
6fa57e41-6f29-4b2c-90dd-3cc5aa28b0eb,3601f54d-4c94-4dd0-ad37-805af5a45ba1,"5834 Cedar Ln, San Antonio, CO 99429",+1-391-368-7529,William Clark,89,shipping,,2026-01-18 18:45:40.416882,2026-01-18 18:45:40.416882
06d66fea-5679-4852-8b8b-9bebb2046b18,3601f54d-4c94-4dd0-ad37-805af5a45ba1,"3393 Willow Way, Atlanta, AZ 17068",+1-973-191-6880,William Clark,548,awaiting_delivery,,2025-11-10 19:45:38.416882,2025-11-10 19:45:38.416882
7b8b7a36-d60f-417c-8cf4-aeb0b7a15f27,3601f54d-4c94-4dd0-ad37-805af5a45ba1,"5834 Cedar Ln, San Antonio, CO 99429",+1-391-368-7529,William Clark,143,completed,,2026-04-01 08:39:53.416882,2026-04-01 08:39:53.416882
7624ebe4-3cde-4476-b4bd-52463567b5de,3601f54d-4c94-4dd0-ad37-805af5a45ba1,"255 Elm St, Los Angeles, IL 65341",+1-473-956-6916,William Clark,1416,completed,,2025-11-21 20:33:29.416882,2025-11-21 20:33:29.416882
c6cf5fdd-7d61-41a8-94a5-71c48be7c2e7,473b7c33-aac8-4a21-bcba-825a8725b3c7,"4450 Hill St, Atlanta, CA 31650",+1-958-365-1037,Mark Perez,120,completed,,2025-12-03 03:20:45.416882,2025-12-03 03:20:45.416882
d2c5aff2-f36d-46be-af25-528cdf08d444,473b7c33-aac8-4a21-bcba-825a8725b3c7,"4450 Hill St, Atlanta, CA 31650",+1-958-365-1037,Mark Perez,202,cancelled,,2026-01-07 16:49:34.416882,2026-01-07 16:49:34.416882
c01435a6-07e9-456e-b464-bcc996627365,473b7c33-aac8-4a21-bcba-825a8725b3c7,"6868 River Rd, San Jose, OR 24746",+1-580-872-8306,Mark Perez,72,cancelled,,2026-04-18 03:29:44.416882,2026-04-18 03:29:44.416882
e86b1ab6-2eb2-4106-8d31-dba725b52f73,7a3ffeca-66e4-48fe-b70f-8e857b26b90e,"4510 Valley Rd, Miami, TX 40189",+1-902-341-5515,Patricia Davis,32,completed,,2025-12-25 02:45:47.416882,2025-12-25 02:45:47.416882
a5b363df-04a0-45e6-9859-482d0b2d2a46,7a3ffeca-66e4-48fe-b70f-8e857b26b90e,"4510 Valley Rd, Miami, TX 40189",+1-902-341-5515,Patricia Davis,455,shipping,,2026-04-10 00:59:03.416882,2026-04-10 00:59:03.416882
3aecd510-25b7-4068-b6eb-fdd4cf9f793f,7a3ffeca-66e4-48fe-b70f-8e857b26b90e,"158 Sunset Blvd, San Jose, OR 37817",+1-323-709-2131,Patricia Davis,1550,cancelled,,2026-02-08 01:04:55.416882,2026-02-08 01:04:55.416882
d75dc6e4-d3db-4953-bd5e-eb0536f410b6,0c817ae1-9f14-45b7-9306-7142f87367bb,"4628 Valley Rd, Atlanta, CO 22843",+1-392-287-2827,Donna Miller,128,shipping,,2025-11-10 11:10:44.416882,2025-11-10 11:10:44.416882
1843cd5b-b795-4649-bf3c-adc84627e388,0c817ae1-9f14-45b7-9306-7142f87367bb,"9396 Willow Way, San Antonio, IL 56284",+1-447-779-8615,Donna Miller,231,shipping,,2026-03-08 06:31:13.416882,2026-03-08 06:31:13.416882
e1ad19f7-15a3-4945-9c7f-42c388c4c5b0,0c817ae1-9f14-45b7-9306-7142f87367bb,"7598 Cedar Ln, Portland, NY 71774",+1-429-204-4735,Donna Miller,408,completed,,2026-01-03 11:57:46.416882,2026-01-03 11:57:46.416882
2aa5344f-4385-419e-9e8a-b6570c67bf91,13900904-6cff-4dcc-b740-be064a11dd5b,"3274 Garden Ln, San Jose, GA 88106",+1-374-655-1581,George Hill,148,completed,,2026-01-10 06:13:44.416882,2026-01-10 06:13:44.416882
21c71dc5-0ba1-4007-8597-ed881e8a0855,13900904-6cff-4dcc-b740-be064a11dd5b,"884 Maple Dr, Atlanta, WA 56771",+1-241-340-4350,George Hill,128,awaiting_delivery,,2025-12-12 12:39:34.416882,2025-12-12 12:39:34.416882
fc50a285-8b79-4e29-b739-487b79def5e4,f275a1e5-6ff0-4877-b624-094284a0991a,"3185 Pine Rd, Los Angeles, OR 25886",+1-874-701-4311,Kenneth Hernandez,32,returning,,2025-12-12 10:35:40.416882,2025-12-12 10:35:40.416882
b91db107-3dd5-42ac-b1eb-d51118cab597,f275a1e5-6ff0-4877-b624-094284a0991a,"9257 Spring St, San Jose, TX 78659",+1-207-342-5083,Kenneth Hernandez,230,completed,,2025-11-11 22:28:38.416882,2025-11-11 22:28:38.416882
1a030174-bbea-445e-9325-a3f553382fd0,f275a1e5-6ff0-4877-b624-094284a0991a,"3185 Pine Rd, Los Angeles, OR 25886",+1-874-701-4311,Kenneth Hernandez,136,awaiting_delivery,,2025-12-21 11:36:34.416882,2025-12-21 11:36:34.416882
4bcc6dea-3644-4c2c-88c3-e7a8c19082a5,f275a1e5-6ff0-4877-b624-094284a0991a,"3185 Pine Rd, Los Angeles, OR 25886",+1-874-701-4311,Kenneth Hernandez,155,completed,,2026-01-08 19:42:20.416882,2026-01-08 19:42:20.416882
4ede784e-b68f-409a-9fca-a730f68dfd62,1f5ae174-bc2c-41e4-9071-eb875b7e2bee,"9189 River Rd, Austin, GA 95057",+1-504-596-1645,Robert Williams,9,completed,,2026-03-26 08:12:36.416882,2026-03-26 08:12:36.416882
c73cc253-969d-47e9-a5eb-459250d374cc,1f5ae174-bc2c-41e4-9071-eb875b7e2bee,"9189 River Rd, Austin, GA 95057",+1-504-596-1645,Robert Williams,29,completed,,2026-04-17 00:10:32.416882,2026-04-17 00:10:32.416882
02702350-cd0d-47bd-9526-d76c1ba275d9,1f5ae174-bc2c-41e4-9071-eb875b7e2bee,"2814 Willow Way, Atlanta, AZ 47524",+1-591-495-8223,Robert Williams,121,completed,,2026-03-24 15:08:38.416882,2026-03-24 15:08:38.416882
b93dd280-5633-424d-934b-4d96e9be8248,1f5ae174-bc2c-41e4-9071-eb875b7e2bee,"6055 Park Ave, Los Angeles, AZ 58700",+1-747-966-3410,Robert Williams,81,cancelled,,2026-01-31 09:05:01.416882,2026-01-31 09:05:01.416882
d523b73c-1170-4410-8d1c-c2bccd992a86,1f5ae174-bc2c-41e4-9071-eb875b7e2bee,"9477 Spring St, Miami, CA 10082",+1-437-318-9279,Robert Williams,161,shipping,,2025-12-27 16:00:27.416882,2025-12-27 16:00:27.416882
135ec40d-1075-4749-b9d7-9880989575fd,1f5ae174-bc2c-41e4-9071-eb875b7e2bee,"6055 Park Ave, Los Angeles, AZ 58700",+1-747-966-3410,Robert Williams,659,completed,,2025-11-24 23:42:44.416882,2025-11-24 23:42:44.416882
c8e73d51-2188-4d8a-a314-333604344f16,1f5ae174-bc2c-41e4-9071-eb875b7e2bee,"2814 Willow Way, Atlanta, AZ 47524",+1-591-495-8223,Robert Williams,366,completed,,2025-11-18 08:18:07.416882,2025-11-18 08:18:07.416882
b0eeea1e-db32-467e-9a55-71024cb7cfa1,1f5ae174-bc2c-41e4-9071-eb875b7e2bee,"9189 River Rd, Austin, GA 95057",+1-504-596-1645,Robert Williams,483,awaiting_delivery,,2026-04-24 05:57:06.416882,2026-04-24 05:57:06.416882
b4caa038-d9ef-4202-a6d0-0cfd1c400b12,1f5ae174-bc2c-41e4-9071-eb875b7e2bee,"2814 Willow Way, Atlanta, AZ 47524",+1-591-495-8223,Robert Williams,1813,shipping,,2026-02-27 08:07:06.416882,2026-02-27 08:07:06.416882
116754bc-9b4e-4ed6-9090-65537733838e,2e751497-e77b-45f1-a25b-cbda1d3f52b9,"9519 Sunset Blvd, New York, TX 98466",+1-767-467-2857,David Harris,715,shipping,,2025-12-09 15:06:42.416882,2025-12-09 15:06:42.416882
1d9e53fa-f3b1-4c7d-905e-9c265fc7f3cd,2e751497-e77b-45f1-a25b-cbda1d3f52b9,"9519 Sunset Blvd, New York, TX 98466",+1-767-467-2857,David Harris,155,completed,,2026-03-24 03:31:36.416882,2026-03-24 03:31:36.416882
995060a8-e2e5-43e3-af0d-06caa76797d2,2e751497-e77b-45f1-a25b-cbda1d3f52b9,"9519 Sunset Blvd, New York, TX 98466",+1-767-467-2857,David Harris,108,shipping,,2026-03-31 12:25:44.416882,2026-03-31 12:25:44.416882
329dc5f0-5838-41e0-837c-3be7e59a204b,2e751497-e77b-45f1-a25b-cbda1d3f52b9,"9519 Sunset Blvd, New York, TX 98466",+1-767-467-2857,David Harris,687,awaiting_delivery,,2026-01-23 21:50:35.416882,2026-01-23 21:50:35.416882
994a639e-fb67-46e4-a20a-16a0d9b12cd7,2e751497-e77b-45f1-a25b-cbda1d3f52b9,"9519 Sunset Blvd, New York, TX 98466",+1-767-467-2857,David Harris,194,shipping,,2026-01-23 12:15:52.416882,2026-01-23 12:15:52.416882
4f614f4b-6c15-43c1-9fbc-1199de1b5f9c,2e751497-e77b-45f1-a25b-cbda1d3f52b9,"9519 Sunset Blvd, New York, TX 98466",+1-767-467-2857,David Harris,204,awaiting_delivery,,2026-01-14 04:39:09.416882,2026-01-14 04:39:09.416882
e5de5610-4a2f-4e2b-bd30-f39dff09f526,2e751497-e77b-45f1-a25b-cbda1d3f52b9,"9519 Sunset Blvd, New York, TX 98466",+1-767-467-2857,David Harris,363,completed,,2025-11-25 05:04:03.416882,2025-11-25 05:04:03.416882
e1f10b70-6b62-4871-9be2-c650e0a01273,2e751497-e77b-45f1-a25b-cbda1d3f52b9,"9519 Sunset Blvd, New York, TX 98466",+1-767-467-2857,David Harris,549,shipping,,2025-12-06 04:57:00.416882,2025-12-06 04:57:00.416882
a0813d52-11f2-46a3-9f64-8541ddee6c7f,2e751497-e77b-45f1-a25b-cbda1d3f52b9,"9519 Sunset Blvd, New York, TX 98466",+1-767-467-2857,David Harris,211,shipping,,2025-11-17 19:16:23.416882,2025-11-17 19:16:23.416882
94ea25e3-8d75-4f57-808b-37f1a1118517,c7ac673f-773b-4579-8647-97236b8042a5,"5562 River Rd, San Jose, GA 86266",+1-564-638-8994,Charles Wright,20,completed,,2025-11-28 16:04:56.416882,2025-11-28 16:04:56.416882
951b0b84-ca8d-4a74-acb3-c3d6184a2701,c7ac673f-773b-4579-8647-97236b8042a5,"3998 Hill St, Chicago, WA 57523",+1-708-996-3392,Charles Wright,254,completed,,2025-12-23 00:25:22.416882,2025-12-23 00:25:22.416882
bbac029a-9fb9-41de-a318-67abc0ab6c0c,c7ac673f-773b-4579-8647-97236b8042a5,"3998 Hill St, Chicago, WA 57523",+1-708-996-3392,Charles Wright,75,cancelled,,2026-03-14 06:42:37.416882,2026-03-14 06:42:37.416882
044c8ccc-7634-43d8-a190-b88536a41725,c7ac673f-773b-4579-8647-97236b8042a5,"3998 Hill St, Chicago, WA 57523",+1-708-996-3392,Charles Wright,78,completed,,2025-11-06 14:19:43.416882,2025-11-06 14:19:43.416882
455ad7d7-dfdc-440e-ac07-2708565dd4e3,c7ac673f-773b-4579-8647-97236b8042a5,"3998 Hill St, Chicago, WA 57523",+1-708-996-3392,Charles Wright,1305,cancelled,,2026-02-25 03:31:28.416882,2026-02-25 03:31:28.416882
b6396e46-a709-45ea-9ff5-74af89457392,98a9154f-6e50-478b-85f4-34e588794d89,"9122 Cherry Ct, Phoenix, FL 83940",+1-747-960-7846,Nancy Davis,479,completed,,2026-02-08 12:53:48.416882,2026-02-08 12:53:48.416882
fbd3a4b0-e6ab-4326-8c55-d204ca15d4bb,98a9154f-6e50-478b-85f4-34e588794d89,"9122 Cherry Ct, Phoenix, FL 83940",+1-747-960-7846,Nancy Davis,24,cancelled,,2026-02-25 13:55:06.416882,2026-02-25 13:55:06.416882
1ecf90dc-88f2-49ff-9e7b-64f85a60c77e,98a9154f-6e50-478b-85f4-34e588794d89,"9122 Cherry Ct, Phoenix, FL 83940",+1-747-960-7846,Nancy Davis,668,shipping,,2026-03-31 11:40:20.416882,2026-03-31 11:40:20.416882
32e710e3-4b9a-4409-92c1-ad6f3a51153a,e59450c4-cdbe-4b87-8437-ff8e2bdd21a1,"4610 Cherry Ct, Denver, WA 22065",+1-897-576-8315,Stephanie Flores,2671,completed,,2025-12-04 00:10:23.416882,2025-12-04 00:10:23.416882
0c721090-9489-4c2a-bb9f-9b309eedd85e,e59450c4-cdbe-4b87-8437-ff8e2bdd21a1,"4610 Cherry Ct, Denver, WA 22065",+1-897-576-8315,Stephanie Flores,596,completed,,2026-02-16 04:36:40.416882,2026-02-16 04:36:40.416882
493b4360-feba-452b-a4c9-a71a61897277,e59450c4-cdbe-4b87-8437-ff8e2bdd21a1,"4610 Cherry Ct, Denver, WA 22065",+1-897-576-8315,Stephanie Flores,55,completed,,2026-02-09 15:38:23.416882,2026-02-09 15:38:23.416882
5f5933db-04d8-4587-b9a5-a39662294f02,e59450c4-cdbe-4b87-8437-ff8e2bdd21a1,"4610 Cherry Ct, Denver, WA 22065",+1-897-576-8315,Stephanie Flores,286,cancelled,,2025-11-28 03:03:10.416882,2025-11-28 03:03:10.416882
b2c05daf-fc97-4263-a578-d4f4bd73e987,9793481c-9af2-4eb7-a979-9da4f23515a6,"4241 Forest Ave, Portland, WA 20375",+1-250-416-3781,Andrew Taylor,169,completed,,2026-04-14 14:07:21.416882,2026-04-14 14:07:21.416882
094d674e-963c-4262-b999-87fc31100ce8,9793481c-9af2-4eb7-a979-9da4f23515a6,"4241 Forest Ave, Portland, WA 20375",+1-250-416-3781,Andrew Taylor,68,completed,,2026-03-11 14:42:42.416882,2026-03-11 14:42:42.416882
32e3cfbe-ed0f-4456-ac84-746f9ef4d6ba,9793481c-9af2-4eb7-a979-9da4f23515a6,"4241 Forest Ave, Portland, WA 20375",+1-250-416-3781,Andrew Taylor,134,cancelled,,2026-02-17 02:18:39.416882,2026-02-17 02:18:39.416882
49c612ec-e061-4f0a-a639-84d0fd866a61,9793481c-9af2-4eb7-a979-9da4f23515a6,"4241 Forest Ave, Portland, WA 20375",+1-250-416-3781,Andrew Taylor,40,shipping,,2026-04-25 05:05:26.416882,2026-04-25 05:05:26.416882
89bd8b12-82e8-4415-985a-0e9b060db53d,f85f5456-b9a0-44f1-a348-fdaa35cc7aee,"404 Pine Rd, Houston, WA 73335",+1-388-685-2272,Karen Rivera,142,cancelled,,2026-01-19 02:41:35.416882,2026-01-19 02:41:35.416882
7ccba49c-d69f-4ad8-ae51-fd3b116e452b,f85f5456-b9a0-44f1-a348-fdaa35cc7aee,"404 Pine Rd, Houston, WA 73335",+1-388-685-2272,Karen Rivera,378,awaiting_delivery,,2025-11-07 20:27:41.416882,2025-11-07 20:27:41.416882
b14f9069-1502-42a4-a2a6-1391d54c0e16,f85f5456-b9a0-44f1-a348-fdaa35cc7aee,"404 Pine Rd, Houston, WA 73335",+1-388-685-2272,Karen Rivera,1155,completed,,2025-11-24 10:54:40.416882,2025-11-24 10:54:40.416882
64e09836-f4e9-4532-84e1-b687d39e9f9a,f85f5456-b9a0-44f1-a348-fdaa35cc7aee,"404 Pine Rd, Houston, WA 73335",+1-388-685-2272,Karen Rivera,25,shipping,,2026-04-12 03:53:49.416882,2026-04-12 03:53:49.416882
fc01909b-016d-4195-9866-d01f4b3ef25e,f85f5456-b9a0-44f1-a348-fdaa35cc7aee,"3378 Valley Rd, Phoenix, NY 28078",+1-482-306-6626,Karen Rivera,7,completed,,2026-02-18 17:16:10.416882,2026-02-18 17:16:10.416882
201cb045-1bc7-4837-a62f-9770b936e721,f85f5456-b9a0-44f1-a348-fdaa35cc7aee,"404 Pine Rd, Houston, WA 73335",+1-388-685-2272,Karen Rivera,123,completed,,2026-03-12 22:39:15.416882,2026-03-12 22:39:15.416882
d7f7ed4a-6e49-4b12-9a9e-0acc9060c6ac,f85f5456-b9a0-44f1-a348-fdaa35cc7aee,"3378 Valley Rd, Phoenix, NY 28078",+1-482-306-6626,Karen Rivera,630,completed,,2026-02-28 10:52:02.416882,2026-02-28 10:52:02.416882
761827d6-141e-443a-896a-ec6621d06a8e,f85f5456-b9a0-44f1-a348-fdaa35cc7aee,"3378 Valley Rd, Phoenix, NY 28078",+1-482-306-6626,Karen Rivera,208,cancelled,,2026-04-29 04:12:34.416882,2026-04-29 04:12:34.416882
6bfcb06d-4697-4f50-8080-e792b81dd4d9,f85f5456-b9a0-44f1-a348-fdaa35cc7aee,"3378 Valley Rd, Phoenix, NY 28078",+1-482-306-6626,Karen Rivera,86,shipping,,2026-02-10 22:10:55.416882,2026-02-10 22:10:55.416882
c72056d1-cbad-41cf-9183-b40b3e5ab163,53382196-d39d-4cdb-bf67-329d63784266,"1295 Park Ave, Denver, TX 96175",+1-260-524-3594,Lisa Garcia,438,shipping,,2026-01-18 20:08:18.416882,2026-01-18 20:08:18.416882
0620d3a4-e6bf-47c0-ad84-079dd307ec0a,53382196-d39d-4cdb-bf67-329d63784266,"307 Broadway, Houston, TX 63400",+1-361-194-6968,Lisa Garcia,678,shipping,,2025-11-24 09:48:42.416882,2025-11-24 09:48:42.416882
dbf5a181-8c7e-4b45-88d9-4b48f3a0163a,53382196-d39d-4cdb-bf67-329d63784266,"307 Broadway, Houston, TX 63400",+1-361-194-6968,Lisa Garcia,821,completed,,2026-04-23 04:25:00.416882,2026-04-23 04:25:00.416882
766b08dd-7c29-48dc-a15c-60b324ac2dd6,30a151b3-a5b4-4cbe-b812-9d1c19d15a4f,"6669 Sunset Blvd, Boston, MA 38858",+1-387-673-3626,Matthew Scott,166,completed,,2026-01-27 23:03:32.416882,2026-01-27 23:03:32.416882
7b40e19b-3982-4d4e-9150-f525bb45a910,30a151b3-a5b4-4cbe-b812-9d1c19d15a4f,"3074 Oak Ave, Dallas, MA 79489",+1-389-955-4938,Matthew Scott,72,completed,,2026-04-09 12:24:55.416882,2026-04-09 12:24:55.416882
4a8a27d6-1348-43be-a87f-d13d2bf00297,30a151b3-a5b4-4cbe-b812-9d1c19d15a4f,"3074 Oak Ave, Dallas, MA 79489",+1-389-955-4938,Matthew Scott,201,completed,,2026-01-26 21:34:40.416882,2026-01-26 21:34:40.416882
b5ac2eea-17f2-4912-a81e-81fd319fba73,30a151b3-a5b4-4cbe-b812-9d1c19d15a4f,"8981 Maple Dr, Austin, FL 89128",+1-788-612-1274,Matthew Scott,215,shipping,,2025-11-09 11:51:54.416882,2025-11-09 11:51:54.416882
e032410a-8b7e-4cc3-9c28-8af607f11ab0,30a151b3-a5b4-4cbe-b812-9d1c19d15a4f,"8575 Broadway, Chicago, WA 67642",+1-751-573-5532,Matthew Scott,120,cancelled,,2026-02-12 12:40:39.416882,2026-02-12 12:40:39.416882
ec35e863-9829-4890-ace6-636f1eae47d3,bf063920-930f-4dc4-b2db-dcaf7b96f153,"3271 Forest Ave, Boston, CO 38221",+1-629-165-1391,Mark Rivera,72,completed,,2026-04-08 18:43:21.416882,2026-04-08 18:43:21.416882
9c107db9-85a6-42bf-8bcd-ff65ff279aeb,bf063920-930f-4dc4-b2db-dcaf7b96f153,"3271 Forest Ave, Boston, CO 38221",+1-629-165-1391,Mark Rivera,2522,shipping,,2026-03-30 22:25:53.416882,2026-03-30 22:25:53.416882
b3da3e80-2923-4599-bc75-6068d2c623bc,bf063920-930f-4dc4-b2db-dcaf7b96f153,"3271 Forest Ave, Boston, CO 38221",+1-629-165-1391,Mark Rivera,43,completed,,2026-01-19 01:25:30.416882,2026-01-19 01:25:30.416882
8ebb0c45-136f-4383-ac0d-80da7dfdf50d,bf063920-930f-4dc4-b2db-dcaf7b96f153,"7675 Lake Dr, Denver, CO 45617",+1-699-593-9761,Mark Rivera,284,awaiting_delivery,,2026-01-17 12:05:00.416882,2026-01-17 12:05:00.416882
33c041da-6b0b-4481-93f7-7a3ad6d6820c,bf063920-930f-4dc4-b2db-dcaf7b96f153,"7675 Lake Dr, Denver, CO 45617",+1-699-593-9761,Mark Rivera,1221,completed,,2026-02-23 00:43:29.416882,2026-02-23 00:43:29.416882
757462d5-8f29-493c-9244-5cff92b84c45,f0af6476-27ea-459c-8bf4-fb2751570be6,"4450 Garden Ln, San Antonio, IL 26692",+1-759-645-5666,James Harris,2998,completed,,2026-02-18 03:20:41.416882,2026-02-18 03:20:41.416882
8756f5c7-8a07-4644-9203-026453827a12,9d07c629-fef0-4453-875f-a541322fd802,"4739 Forest Ave, San Jose, WA 57174",+1-631-657-1189,Barbara Williams,1424,cancelled,,2026-02-24 19:48:47.416882,2026-02-24 19:48:47.416882
468fd258-df1a-4140-b3a4-fd3aafac50ee,9d07c629-fef0-4453-875f-a541322fd802,"4739 Forest Ave, San Jose, WA 57174",+1-631-657-1189,Barbara Williams,154,completed,,2026-03-31 03:12:00.416882,2026-03-31 03:12:00.416882
94b8dfd0-3b8c-440f-a34b-80455d0abf2d,ea6cbee5-095b-426e-a3b1-a6fef71509f9,"1899 Main St, Boston, MA 45873",+1-447-548-2039,Linda Perez,266,completed,,2026-04-15 17:41:23.416882,2026-04-15 17:41:23.416882
19ec1e58-ac52-4825-a3cf-8b8a4fa360e5,ea6cbee5-095b-426e-a3b1-a6fef71509f9,"4985 Forest Ave, Boston, IL 94286",+1-818-552-2349,Linda Perez,203,shipping,,2025-11-30 00:10:32.416882,2025-11-30 00:10:32.416882
a85950c6-32a1-4811-92db-baa75c9ab4ae,ea6cbee5-095b-426e-a3b1-a6fef71509f9,"3889 Elm St, Houston, OR 18425",+1-586-381-6299,Linda Perez,737,cancelled,,2025-11-21 08:12:52.416882,2025-11-21 08:12:52.416882
36e7200d-8cfa-4c1d-881b-283e4bcae98a,ea6cbee5-095b-426e-a3b1-a6fef71509f9,"9543 Walnut St, San Jose, TX 75531",+1-234-939-4850,Linda Perez,108,completed,,2026-02-15 23:59:39.416882,2026-02-15 23:59:39.416882
d48fcd2f-37a4-4cc4-9870-b258bb5cd209,ea6cbee5-095b-426e-a3b1-a6fef71509f9,"5379 River Rd, Portland, IL 71184",+1-775-682-3854,Linda Perez,336,awaiting_delivery,,2025-11-13 23:16:07.416882,2025-11-13 23:16:07.416882
fe24ce47-6731-440a-ac6c-c64d581c47c6,ea6cbee5-095b-426e-a3b1-a6fef71509f9,"5379 River Rd, Portland, IL 71184",+1-775-682-3854,Linda Perez,448,awaiting_delivery,,2025-12-26 09:41:18.416882,2025-12-26 09:41:18.416882
96447e02-af28-4604-ab18-882c27cec19c,ea6cbee5-095b-426e-a3b1-a6fef71509f9,"5379 River Rd, Portland, IL 71184",+1-775-682-3854,Linda Perez,1124,shipping,,2026-01-17 01:21:16.416882,2026-01-17 01:21:16.416882
4944bc31-9e5a-4406-b4d2-e7fdcc8cdf9b,ea6cbee5-095b-426e-a3b1-a6fef71509f9,"1899 Main St, Boston, MA 45873",+1-447-548-2039,Linda Perez,766,cancelled,,2025-12-13 01:32:25.416882,2025-12-13 01:32:25.416882
3f98e9ee-2253-438f-b783-2b0d1863ea9d,ea6cbee5-095b-426e-a3b1-a6fef71509f9,"4985 Forest Ave, Boston, IL 94286",+1-818-552-2349,Linda Perez,3532,cancelled,,2025-12-31 04:50:55.416882,2025-12-31 04:50:55.416882
11a65641-2973-40f0-974d-07f29158e91f,ea6cbee5-095b-426e-a3b1-a6fef71509f9,"9543 Walnut St, San Jose, TX 75531",+1-234-939-4850,Linda Perez,487,cancelled,,2026-04-11 05:27:07.416882,2026-04-11 05:27:07.416882
10de5530-93ed-4ea6-83ee-215292dbbbbe,4dcda006-b661-440a-869e-19646f2f3ba6,"760 Elm St, Chicago, IL 38807",+1-465-422-6278,Steven Robinson,143,completed,,2026-04-18 20:45:52.416882,2026-04-18 20:45:52.416882
ccd604c7-d344-4c20-a0e8-e657879a3dbf,4dcda006-b661-440a-869e-19646f2f3ba6,"5883 Valley Rd, Seattle, IL 63678",+1-492-129-1526,Steven Robinson,295,shipping,,2026-04-05 11:28:23.416882,2026-04-05 11:28:23.416882
0f7b975b-dfa5-49f5-8e83-54fe5f193c65,4dcda006-b661-440a-869e-19646f2f3ba6,"7995 Park Ave, Seattle, WA 59444",+1-797-364-2177,Steven Robinson,129,cancelled,,2026-04-04 19:00:32.416882,2026-04-04 19:00:32.416882
2f57e346-83fb-40ad-9ae6-1953b617f75b,4dcda006-b661-440a-869e-19646f2f3ba6,"760 Elm St, Chicago, IL 38807",+1-465-422-6278,Steven Robinson,177,cancelled,,2025-11-12 01:03:38.416882,2025-11-12 01:03:38.416882
b7aeb16e-d312-4c0b-baa0-71a5d4350187,4dcda006-b661-440a-869e-19646f2f3ba6,"7995 Park Ave, Seattle, WA 59444",+1-797-364-2177,Steven Robinson,157,shipping,,2026-04-16 16:48:10.416882,2026-04-16 16:48:10.416882
b7841d55-6f1f-4300-bd28-88079e9fe9d0,4dcda006-b661-440a-869e-19646f2f3ba6,"7217 Maple Dr, Denver, CO 41585",+1-392-228-9721,Steven Robinson,197,completed,,2026-04-03 17:30:23.416882,2026-04-03 17:30:23.416882
6db80055-c82e-4ace-bb2b-b1bc2cfb39f6,4dcda006-b661-440a-869e-19646f2f3ba6,"760 Elm St, Chicago, IL 38807",+1-465-422-6278,Steven Robinson,181,completed,,2025-11-23 12:14:06.416882,2025-11-23 12:14:06.416882
0388b26d-b850-44ef-a1e7-1abe75a8e13a,4dcda006-b661-440a-869e-19646f2f3ba6,"7995 Park Ave, Seattle, WA 59444",+1-797-364-2177,Steven Robinson,78,cancelled,,2026-01-16 05:35:35.416882,2026-01-16 05:35:35.416882
a2244f2b-8e98-43b0-bfed-617b41a7f948,4dcda006-b661-440a-869e-19646f2f3ba6,"7217 Maple Dr, Denver, CO 41585",+1-392-228-9721,Steven Robinson,72,completed,,2026-01-11 14:18:40.416882,2026-01-11 14:18:40.416882
383a915b-7ece-4cbb-9049-8615bcf594d4,4dcda006-b661-440a-869e-19646f2f3ba6,"9800 Garden Ln, Chicago, AZ 41370",+1-448-519-3162,Steven Robinson,670,shipping,,2025-12-25 06:38:11.416882,2025-12-25 06:38:11.416882
0e956959-5a39-4113-8a23-61eddc94d825,1adac5ca-6180-4187-87a7-23875942ef29,"6569 Pine Rd, Los Angeles, FL 76351",+1-738-671-5549,Donald Moore,308,shipping,,2026-01-11 08:07:38.416882,2026-01-11 08:07:38.416882
aeaada29-2a16-46b1-9494-529929aafe15,1adac5ca-6180-4187-87a7-23875942ef29,"6807 Cherry Ct, New York, CO 96765",+1-888-973-3720,Donald Moore,237,shipping,,2026-03-27 13:41:25.416882,2026-03-27 13:41:25.416882
48d0c52d-dedf-4df5-8f63-c2fdd315c8a2,1adac5ca-6180-4187-87a7-23875942ef29,"6807 Cherry Ct, New York, CO 96765",+1-888-973-3720,Donald Moore,1246,awaiting_delivery,,2025-12-15 07:35:48.416882,2025-12-15 07:35:48.416882
3204aa6e-8ada-4669-b7ad-b84d9764ab03,1adac5ca-6180-4187-87a7-23875942ef29,"6807 Cherry Ct, New York, CO 96765",+1-888-973-3720,Donald Moore,98,cancelled,,2026-04-12 22:46:39.416882,2026-04-12 22:46:39.416882
3841ea19-4fae-4a37-8af8-5bd4fb711751,1adac5ca-6180-4187-87a7-23875942ef29,"6569 Pine Rd, Los Angeles, FL 76351",+1-738-671-5549,Donald Moore,112,shipping,,2025-11-17 21:00:23.416882,2025-11-17 21:00:23.416882
270aec87-0ad3-458a-8b77-3dff1e1563d0,cc89bf7d-7b00-49d2-8128-0b2707ca6c91,"1885 Sunset Blvd, San Antonio, FL 71921",+1-804-774-6915,Dorothy Harris,277,shipping,,2026-04-04 09:30:35.416882,2026-04-04 09:30:35.416882
15e6aba0-582c-4c15-b3e7-8a57d268bf6d,cc89bf7d-7b00-49d2-8128-0b2707ca6c91,"1885 Sunset Blvd, San Antonio, FL 71921",+1-804-774-6915,Dorothy Harris,276,completed,,2025-12-09 11:06:17.416882,2025-12-09 11:06:17.416882
b8f8e43b-001d-4918-9648-f45230d19779,cc89bf7d-7b00-49d2-8128-0b2707ca6c91,"1885 Sunset Blvd, San Antonio, FL 71921",+1-804-774-6915,Dorothy Harris,126,shipping,,2025-12-21 11:27:23.416882,2025-12-21 11:27:23.416882
2da078bf-a259-46ce-b720-7c16207429db,cc89bf7d-7b00-49d2-8128-0b2707ca6c91,"1885 Sunset Blvd, San Antonio, FL 71921",+1-804-774-6915,Dorothy Harris,16,completed,,2026-01-25 00:27:39.416882,2026-01-25 00:27:39.416882
bf394645-e464-4639-b567-020fe415daa3,cc89bf7d-7b00-49d2-8128-0b2707ca6c91,"1885 Sunset Blvd, San Antonio, FL 71921",+1-804-774-6915,Dorothy Harris,629,completed,,2025-11-25 00:06:13.416882,2025-11-25 00:06:13.416882
7db6160b-8252-47e7-9ea8-fa5c7f016030,cc89bf7d-7b00-49d2-8128-0b2707ca6c91,"1885 Sunset Blvd, San Antonio, FL 71921",+1-804-774-6915,Dorothy Harris,104,cancelled,,2025-12-11 19:38:01.416882,2025-12-11 19:38:01.416882
eedc32e1-6ff3-4af4-a38a-d9387605df0a,cc89bf7d-7b00-49d2-8128-0b2707ca6c91,"1885 Sunset Blvd, San Antonio, FL 71921",+1-804-774-6915,Dorothy Harris,224,completed,,2026-03-27 18:25:20.416882,2026-03-27 18:25:20.416882
77e4467a-99c3-455f-af20-ddbad0688d6a,cc89bf7d-7b00-49d2-8128-0b2707ca6c91,"1885 Sunset Blvd, San Antonio, FL 71921",+1-804-774-6915,Dorothy Harris,784,cancelled,,2026-03-12 15:03:44.416882,2026-03-12 15:03:44.416882
d7687879-24c1-4595-ae3a-4b1c732e5445,dd4147cb-de47-40fd-a515-9c67af2edec5,"3055 Walnut St, Miami, MA 65581",+1-729-542-7062,Ashley Walker,9,completed,,2025-11-25 09:10:37.416882,2025-11-25 09:10:37.416882
638f140b-7e5e-43dd-8509-deb37256adeb,dd4147cb-de47-40fd-a515-9c67af2edec5,"3967 Willow Way, Houston, TX 90965",+1-536-492-9250,Ashley Walker,31,cancelled,,2025-11-09 03:36:53.416882,2025-11-09 03:36:53.416882
5952197c-2475-4f7b-aee9-eecc365e20eb,dd4147cb-de47-40fd-a515-9c67af2edec5,"3055 Walnut St, Miami, MA 65581",+1-729-542-7062,Ashley Walker,154,awaiting_delivery,,2025-12-16 21:04:37.416882,2025-12-16 21:04:37.416882
463ed7a6-ce0e-4a5b-9899-0b17c1e27989,dd4147cb-de47-40fd-a515-9c67af2edec5,"3055 Walnut St, Miami, MA 65581",+1-729-542-7062,Ashley Walker,2083,shipping,,2026-03-31 19:41:00.416882,2026-03-31 19:41:00.416882
ebe082ae-6526-48e1-bcda-ec91f0c4b3bf,dd4147cb-de47-40fd-a515-9c67af2edec5,"9947 Cherry Ct, San Jose, AZ 59858",+1-812-466-3566,Ashley Walker,288,completed,,2025-11-19 20:06:11.416882,2025-11-19 20:06:11.416882
3be37a46-dd1e-455a-a00c-7ba3ab6fc3c3,dd4147cb-de47-40fd-a515-9c67af2edec5,"3967 Willow Way, Houston, TX 90965",+1-536-492-9250,Ashley Walker,42,awaiting_delivery,,2026-03-21 10:13:00.416882,2026-03-21 10:13:00.416882
892a033e-7911-4903-a484-6177c0088b92,dd4147cb-de47-40fd-a515-9c67af2edec5,"3055 Walnut St, Miami, MA 65581",+1-729-542-7062,Ashley Walker,2487,completed,,2026-01-22 19:59:16.416882,2026-01-22 19:59:16.416882
4d9b2197-c3b0-424f-be5f-d8d9c7890864,dd4147cb-de47-40fd-a515-9c67af2edec5,"9947 Cherry Ct, San Jose, AZ 59858",+1-812-466-3566,Ashley Walker,661,returning,,2025-11-19 17:46:42.416882,2025-11-19 17:46:42.416882
f2242acd-a57b-4e3d-bef5-6a47b0707c72,dd4147cb-de47-40fd-a515-9c67af2edec5,"3699 Cherry Ct, Boston, AZ 65186",+1-313-307-7836,Ashley Walker,160,completed,,2026-04-20 00:08:47.416882,2026-04-20 00:08:47.416882
3b61a878-c0ba-4214-86ef-c9fea2ae7d66,4d2e79b0-70c5-473e-9591-9cab06b14656,"9943 Cedar Ln, Austin, FL 21599",+1-289-909-1919,Nancy Martinez,1034,shipping,,2026-02-03 09:09:38.416882,2026-02-03 09:09:38.416882
81decd91-6933-4e41-824f-49621ca224aa,4d2e79b0-70c5-473e-9591-9cab06b14656,"1937 Lake Dr, Los Angeles, IL 79542",+1-227-192-2882,Nancy Martinez,222,cancelled,,2025-11-22 03:10:01.416882,2025-11-22 03:10:01.416882
0bd6bb79-cbe1-4a93-ab3b-f211f35e0cf9,4d2e79b0-70c5-473e-9591-9cab06b14656,"2619 Sunset Blvd, Portland, OR 91440",+1-953-330-6783,Nancy Martinez,443,shipping,,2026-02-24 01:13:04.416882,2026-02-24 01:13:04.416882
eb5b92ca-55dd-4530-8502-121d641ba259,4d2e79b0-70c5-473e-9591-9cab06b14656,"1937 Lake Dr, Los Angeles, IL 79542",+1-227-192-2882,Nancy Martinez,369,cancelled,,2025-12-07 00:23:01.416882,2025-12-07 00:23:01.416882
834cbde7-48ea-4776-b0b7-b9af373fa998,4d2e79b0-70c5-473e-9591-9cab06b14656,"3217 Park Ave, Portland, AZ 51387",+1-644-401-3443,Nancy Martinez,485,completed,,2025-11-12 22:12:22.416882,2025-11-12 22:12:22.416882
ce805aa7-106a-4518-b58c-f5bd754a14b7,b39580c1-ead1-46c0-89fc-469286c5f21b,"4567 Oak Ave, Phoenix, MA 83831",+1-545-276-5515,Jessica Robinson,364,completed,,2026-03-22 00:03:47.416882,2026-03-22 00:03:47.416882
22cf777e-795d-44e8-b239-d1330e4e896f,b39580c1-ead1-46c0-89fc-469286c5f21b,"4567 Oak Ave, Phoenix, MA 83831",+1-545-276-5515,Jessica Robinson,44,cancelled,,2026-04-15 01:35:17.416882,2026-04-15 01:35:17.416882
03c73f76-33e7-47ea-846a-1db036d06ed8,b39580c1-ead1-46c0-89fc-469286c5f21b,"4567 Oak Ave, Phoenix, MA 83831",+1-545-276-5515,Jessica Robinson,260,completed,,2025-11-02 00:06:02.416882,2025-11-02 00:06:02.416882
5df9f51f-e19f-4a89-8eb1-e0ba670eef0d,b39580c1-ead1-46c0-89fc-469286c5f21b,"4567 Oak Ave, Phoenix, MA 83831",+1-545-276-5515,Jessica Robinson,376,cancelled,,2025-12-24 06:52:06.416882,2025-12-24 06:52:06.416882
e12a2d25-dd90-45e9-a13a-e169250501dd,b39580c1-ead1-46c0-89fc-469286c5f21b,"4567 Oak Ave, Phoenix, MA 83831",+1-545-276-5515,Jessica Robinson,308,returning,,2026-04-21 07:31:11.416882,2026-04-21 07:31:11.416882
7dd0aca4-7ee4-4cd0-b00f-c1a4c1f6950e,b39580c1-ead1-46c0-89fc-469286c5f21b,"4567 Oak Ave, Phoenix, MA 83831",+1-545-276-5515,Jessica Robinson,72,completed,,2025-11-16 04:50:20.416882,2025-11-16 04:50:20.416882
27e9c083-9f95-4491-b126-8f58ecd3b31e,b39580c1-ead1-46c0-89fc-469286c5f21b,"6511 Valley Rd, Portland, IL 23805",+1-886-281-7951,Jessica Robinson,373,completed,,2026-02-21 09:55:30.416882,2026-02-21 09:55:30.416882
783b7202-9437-4be9-affd-89a4f31518ea,b39580c1-ead1-46c0-89fc-469286c5f21b,"4567 Oak Ave, Phoenix, MA 83831",+1-545-276-5515,Jessica Robinson,118,completed,,2026-02-04 13:13:51.416882,2026-02-04 13:13:51.416882
37189adc-ecad-47ea-a797-14f965dfe239,b39580c1-ead1-46c0-89fc-469286c5f21b,"4567 Oak Ave, Phoenix, MA 83831",+1-545-276-5515,Jessica Robinson,545,awaiting_delivery,,2025-11-09 07:58:30.416882,2025-11-09 07:58:30.416882
f13be345-acf4-4b5b-b2bb-c24548c8c67d,d9e12a05-310e-480e-a689-50889d4ec272,"930 Spring St, Austin, CA 75485",+1-430-418-1364,Steven Young,52,completed,,2025-11-07 00:24:14.416882,2025-11-07 00:24:14.416882
8fd78965-3c5a-43a8-a78d-0a9ae9d5688c,d9e12a05-310e-480e-a689-50889d4ec272,"1191 Forest Ave, Austin, WA 44666",+1-471-750-3127,Steven Young,4181,completed,,2026-02-16 23:10:52.416882,2026-02-16 23:10:52.416882
05a26253-a33e-4cad-9f4d-d81ac2f224cc,d9e12a05-310e-480e-a689-50889d4ec272,"930 Spring St, Austin, CA 75485",+1-430-418-1364,Steven Young,135,shipping,,2025-12-08 20:20:49.416882,2025-12-08 20:20:49.416882
7d96baf8-e918-42b4-818f-1c4b815c4eb7,d9e12a05-310e-480e-a689-50889d4ec272,"930 Spring St, Austin, CA 75485",+1-430-418-1364,Steven Young,177,completed,,2025-12-23 09:17:40.416882,2025-12-23 09:17:40.416882
575e6045-d07b-47a9-97fd-f59724abfbf8,d9e12a05-310e-480e-a689-50889d4ec272,"1191 Forest Ave, Austin, WA 44666",+1-471-750-3127,Steven Young,108,awaiting_delivery,,2026-03-25 10:54:42.416882,2026-03-25 10:54:42.416882
e8f6a3df-c435-4206-923c-58c34f57be26,bd4e0f07-4df8-44db-804e-2d3299cb311b,"5365 Maple Dr, Boston, FL 74595",+1-779-707-3764,Betty Wright,56,shipping,,2026-04-27 12:21:33.416882,2026-04-27 12:21:33.416882
8e099392-7aa4-41f8-9fff-f99863a18bf6,bd4e0f07-4df8-44db-804e-2d3299cb311b,"5365 Maple Dr, Boston, FL 74595",+1-779-707-3764,Betty Wright,90,shipping,,2026-03-31 04:44:49.416882,2026-03-31 04:44:49.416882
71795b61-ee75-4052-b897-530b5cee4766,bd4e0f07-4df8-44db-804e-2d3299cb311b,"5365 Maple Dr, Boston, FL 74595",+1-779-707-3764,Betty Wright,344,cancelled,,2026-04-04 12:28:55.416882,2026-04-04 12:28:55.416882
ddb6730b-d943-4f41-9a02-c072a6eeb627,bd4e0f07-4df8-44db-804e-2d3299cb311b,"5365 Maple Dr, Boston, FL 74595",+1-779-707-3764,Betty Wright,596,awaiting_delivery,,2026-04-27 18:42:58.416882,2026-04-27 18:42:58.416882
fd1d648c-5526-4248-b235-53166190c54c,bd4e0f07-4df8-44db-804e-2d3299cb311b,"5365 Maple Dr, Boston, FL 74595",+1-779-707-3764,Betty Wright,395,shipping,,2025-12-22 08:12:21.416882,2025-12-22 08:12:21.416882
db8e914e-a444-40c9-82f8-6c14ff3400b4,bd4e0f07-4df8-44db-804e-2d3299cb311b,"3124 Cherry Ct, Houston, TX 30452",+1-534-568-7148,Betty Wright,516,shipping,,2026-01-07 01:58:20.416882,2026-01-07 01:58:20.416882
f0948672-3edb-42d5-acfb-1f54a12ada4d,21284874-a888-4586-a0cb-afadafbf736f,"3978 Main St, Miami, FL 20162",+1-986-714-2585,Susan Anderson,427,returning,,2025-11-09 20:48:06.416882,2025-11-09 20:48:06.416882
f5521698-e51b-4612-92c9-502dec55c0d9,21284874-a888-4586-a0cb-afadafbf736f,"7606 Garden Ln, Boston, TX 42964",+1-296-990-8105,Susan Anderson,1296,completed,,2026-03-21 11:18:38.416882,2026-03-21 11:18:38.416882
050e3862-220e-497b-a8b6-db344b2ae58d,21284874-a888-4586-a0cb-afadafbf736f,"6101 Birch Blvd, Houston, WA 95478",+1-778-628-2225,Susan Anderson,300,shipping,,2026-03-09 21:49:55.416882,2026-03-09 21:49:55.416882
618a3b44-45d5-481c-8480-f4188d8253ae,21284874-a888-4586-a0cb-afadafbf736f,"501 Cherry Ct, Seattle, GA 58186",+1-260-369-2276,Susan Anderson,12,awaiting_delivery,,2026-03-07 05:46:00.416882,2026-03-07 05:46:00.416882
3edf36a9-e9f5-4a7e-a5ae-355c3c54b5f2,21284874-a888-4586-a0cb-afadafbf736f,"501 Cherry Ct, Seattle, GA 58186",+1-260-369-2276,Susan Anderson,1813,cancelled,,2026-02-03 01:39:31.416882,2026-02-03 01:39:31.416882
1e0727b2-e531-4c13-9201-c35beee87af2,21284874-a888-4586-a0cb-afadafbf736f,"7262 Park Ave, Denver, NY 98851",+1-355-466-7376,Susan Anderson,202,completed,,2025-12-23 13:02:43.416882,2025-12-23 13:02:43.416882
20383aee-9bc6-4277-bc70-92625370e93c,21284874-a888-4586-a0cb-afadafbf736f,"7262 Park Ave, Denver, NY 98851",+1-355-466-7376,Susan Anderson,471,completed,,2025-12-26 06:57:36.416882,2025-12-26 06:57:36.416882
916476c1-57c9-4635-8476-687a97d7234a,21284874-a888-4586-a0cb-afadafbf736f,"501 Cherry Ct, Seattle, GA 58186",+1-260-369-2276,Susan Anderson,184,awaiting_delivery,,2026-04-27 18:52:12.416882,2026-04-27 18:52:12.416882
e5f6f47f-ce4d-4b17-b552-2075f386f07b,5c0be863-acad-4bbc-a9b6-080deb37bd8b,"7137 Broadway, Chicago, OR 27722",+1-887-619-2276,Jessica Wilson,270,cancelled,,2026-02-16 00:54:13.416882,2026-02-16 00:54:13.416882
af6c899e-635e-43f1-9071-861d328fb5ff,5c0be863-acad-4bbc-a9b6-080deb37bd8b,"7137 Broadway, Chicago, OR 27722",+1-887-619-2276,Jessica Wilson,902,shipping,,2026-03-19 01:10:51.416882,2026-03-19 01:10:51.416882
0dcf33be-81ff-48a6-b0ea-ecab6fcc8b38,5c0be863-acad-4bbc-a9b6-080deb37bd8b,"7137 Broadway, Chicago, OR 27722",+1-887-619-2276,Jessica Wilson,145,completed,,2025-11-16 12:28:25.416882,2025-11-16 12:28:25.416882
b182351f-e8fb-4895-81e9-949bd1de1d6f,5c0be863-acad-4bbc-a9b6-080deb37bd8b,"7137 Broadway, Chicago, OR 27722",+1-887-619-2276,Jessica Wilson,90,completed,,2026-02-23 00:50:36.416882,2026-02-23 00:50:36.416882
2f7957b5-abca-4640-b20b-b2b188e3e1e6,8c83d7fd-6a60-4136-bc94-2d31ae3eabdc,"8843 Cherry Ct, Dallas, TX 46549",+1-401-365-9315,Karen Anderson,186,completed,,2025-11-27 21:34:35.416882,2025-11-27 21:34:35.416882
6b635186-5360-48f2-a5fd-18c8610e3be6,8c83d7fd-6a60-4136-bc94-2d31ae3eabdc,"8843 Cherry Ct, Dallas, TX 46549",+1-401-365-9315,Karen Anderson,347,completed,,2026-03-17 22:57:02.416882,2026-03-17 22:57:02.416882
4f7ed89a-886b-4f0c-970b-b9b6300e9ef6,8c83d7fd-6a60-4136-bc94-2d31ae3eabdc,"7307 Willow Way, San Jose, WA 88478",+1-560-338-4750,Karen Anderson,527,completed,,2025-11-13 19:22:38.416882,2025-11-13 19:22:38.416882
56967ada-f2f6-48eb-93c5-92907d8cb533,089b33e8-c77e-4101-8e80-32f578334a4b,"2667 Hill St, Atlanta, TX 32769",+1-227-229-1078,Sandra Anderson,204,shipping,,2026-02-11 04:23:45.416882,2026-02-11 04:23:45.416882
56c062d8-6c3d-4583-998e-0c66fb62dec9,089b33e8-c77e-4101-8e80-32f578334a4b,"2667 Hill St, Atlanta, TX 32769",+1-227-229-1078,Sandra Anderson,719,awaiting_delivery,,2026-03-28 23:29:43.416882,2026-03-28 23:29:43.416882
9bcb6f19-e39b-49df-9b73-8ce92a937bd1,089b33e8-c77e-4101-8e80-32f578334a4b,"2667 Hill St, Atlanta, TX 32769",+1-227-229-1078,Sandra Anderson,303,completed,,2025-12-03 11:35:17.416882,2025-12-03 11:35:17.416882
de779545-b465-46ea-8a59-48c70240a18d,089b33e8-c77e-4101-8e80-32f578334a4b,"2667 Hill St, Atlanta, TX 32769",+1-227-229-1078,Sandra Anderson,322,cancelled,,2026-01-24 02:39:46.416882,2026-01-24 02:39:46.416882
9823211b-c896-4cf1-8c81-7b5c2fa81dd4,04dc9af1-5f40-4e4e-aa0e-dc4682c18adc,"4171 Walnut St, Austin, CA 56649",+1-546-305-1081,Deborah Miller,745,awaiting_delivery,,2026-01-13 09:42:09.416882,2026-01-13 09:42:09.416882
0c130622-74f2-468d-b50c-22746b286530,04dc9af1-5f40-4e4e-aa0e-dc4682c18adc,"7105 Pine Rd, Boston, IL 15396",+1-761-139-6520,Deborah Miller,818,shipping,,2026-03-30 18:42:37.416882,2026-03-30 18:42:37.416882
f45aafff-eb38-4020-bf2f-5a2f80bb3803,04dc9af1-5f40-4e4e-aa0e-dc4682c18adc,"2241 Garden Ln, Houston, TX 94110",+1-292-503-9300,Deborah Miller,1014,cancelled,,2026-04-08 00:27:54.416882,2026-04-08 00:27:54.416882
97920a31-96f8-4c31-8ff3-9fec7ff092c0,04dc9af1-5f40-4e4e-aa0e-dc4682c18adc,"2241 Garden Ln, Houston, TX 94110",+1-292-503-9300,Deborah Miller,92,completed,,2026-01-30 14:05:41.416882,2026-01-30 14:05:41.416882
9db4142c-ef3f-4466-ba3b-b06a8a4ba6b3,9caecc8f-9e6a-457b-9ef1-6709fd52b41e,"8327 River Rd, Miami, CA 29135",+1-473-776-6155,Jessica Thompson,144,cancelled,,2025-11-23 03:42:51.416882,2025-11-23 03:42:51.416882
344d8059-4a65-4436-a1e4-f7615e9dab65,9caecc8f-9e6a-457b-9ef1-6709fd52b41e,"8327 River Rd, Miami, CA 29135",+1-473-776-6155,Jessica Thompson,219,awaiting_delivery,,2026-01-26 11:45:13.416882,2026-01-26 11:45:13.416882
f542eba5-0278-418f-9329-f3445cc51e0a,9caecc8f-9e6a-457b-9ef1-6709fd52b41e,"8327 River Rd, Miami, CA 29135",+1-473-776-6155,Jessica Thompson,231,completed,,2026-04-23 10:05:08.416882,2026-04-23 10:05:08.416882
8d3d7668-6fe0-4446-a727-d87ff7939c91,1e3f48cd-195d-4def-a392-edbc938eb3b0,"5443 Birch Blvd, Portland, OR 37051",+1-326-977-1138,Joshua Williams,148,awaiting_delivery,,2025-11-07 03:42:04.416882,2025-11-07 03:42:04.416882
359e5f23-1e35-41a3-b85f-4b4e9fd21b35,1e3f48cd-195d-4def-a392-edbc938eb3b0,"5443 Birch Blvd, Portland, OR 37051",+1-326-977-1138,Joshua Williams,34,awaiting_delivery,,2026-01-24 23:09:09.416882,2026-01-24 23:09:09.416882
bfc3f64e-d195-4562-b7dc-2cc7f1b467bd,1e3f48cd-195d-4def-a392-edbc938eb3b0,"8609 Walnut St, Miami, AZ 73107",+1-750-929-7710,Joshua Williams,39,shipping,,2026-02-15 14:50:23.416882,2026-02-15 14:50:23.416882
cf625148-e664-432c-af8d-932c7aa42c4f,1e3f48cd-195d-4def-a392-edbc938eb3b0,"5443 Birch Blvd, Portland, OR 37051",+1-326-977-1138,Joshua Williams,144,awaiting_delivery,,2025-11-03 07:02:22.416882,2025-11-03 07:02:22.416882
c9a70567-1a8d-4a7f-b6c2-db67a16822a0,69046a96-5b39-4e20-8756-449a8402bd20,"7183 Broadway, Los Angeles, TX 76928",+1-656-935-5804,Donald Roberts,302,awaiting_delivery,,2026-02-27 10:38:15.416882,2026-02-27 10:38:15.416882
03d23bb4-88b0-4882-88fd-7b87f2fe7ef5,69046a96-5b39-4e20-8756-449a8402bd20,"7183 Broadway, Los Angeles, TX 76928",+1-656-935-5804,Donald Roberts,209,cancelled,,2026-04-18 23:00:20.416882,2026-04-18 23:00:20.416882
fb5c56c9-7db9-430f-bfcb-21ed8b8737a6,69046a96-5b39-4e20-8756-449a8402bd20,"7183 Broadway, Los Angeles, TX 76928",+1-656-935-5804,Donald Roberts,249,shipping,,2025-12-24 11:00:00.416882,2025-12-24 11:00:00.416882
2cd11f52-a323-4da9-84de-85d18b633d2c,69046a96-5b39-4e20-8756-449a8402bd20,"7183 Broadway, Los Angeles, TX 76928",+1-656-935-5804,Donald Roberts,303,returning,,2025-12-20 10:33:35.416882,2025-12-20 10:33:35.416882
b8b32318-c6b4-438e-910f-1471e670a41f,b96ce1b6-6ca3-4273-b1b6-824c5bfef872,"7386 Oak Ave, Houston, TX 49574",+1-604-847-3149,Kenneth Smith,540,completed,,2025-11-05 11:27:22.416882,2025-11-05 11:27:22.416882
19fb22b9-4499-44e5-989a-7b47fc58cfe7,b96ce1b6-6ca3-4273-b1b6-824c5bfef872,"7386 Oak Ave, Houston, TX 49574",+1-604-847-3149,Kenneth Smith,7922,shipping,,2025-11-07 08:21:43.416882,2025-11-07 08:21:43.416882
e3448a16-6cf7-4bb1-920e-74633ac60092,b96ce1b6-6ca3-4273-b1b6-824c5bfef872,"7386 Oak Ave, Houston, TX 49574",+1-604-847-3149,Kenneth Smith,613,shipping,,2026-02-17 18:55:49.416882,2026-02-17 18:55:49.416882
81df00e3-9f2e-43c4-a09f-c2164938fc70,b96ce1b6-6ca3-4273-b1b6-824c5bfef872,"6213 Walnut St, Dallas, AZ 73461",+1-778-603-6385,Kenneth Smith,39,cancelled,,2025-12-16 17:29:51.416882,2025-12-16 17:29:51.416882
8c8cbff9-994a-447e-b1a5-0e73580cb118,b96ce1b6-6ca3-4273-b1b6-824c5bfef872,"6213 Walnut St, Dallas, AZ 73461",+1-778-603-6385,Kenneth Smith,32,shipping,,2025-11-05 14:42:37.416882,2025-11-05 14:42:37.416882
b8088210-2d57-4f1d-ba7a-7b38f42ade7e,b96ce1b6-6ca3-4273-b1b6-824c5bfef872,"7386 Oak Ave, Houston, TX 49574",+1-604-847-3149,Kenneth Smith,376,completed,,2026-04-06 23:57:00.416882,2026-04-06 23:57:00.416882
1710454a-55a8-4a68-a157-33ea0d5284a9,7f23fe88-1c67-4a6d-b688-2b9c7c91b284,"2616 Main St, Miami, CO 18201",+1-252-491-2924,Timothy Johnson,72,shipping,,2025-11-04 17:14:24.416882,2025-11-04 17:14:24.416882
8400cd8d-265d-45e3-b8a1-f29d48348339,69aab52d-c661-43f1-8d01-82f649f93cb8,"9248 Maple Dr, Atlanta, AZ 93397",+1-905-161-5063,Nancy Garcia,76,completed,,2026-03-02 13:00:36.416882,2026-03-02 13:00:36.416882
1b9d846a-321c-4c98-a356-a049b0af111b,69aab52d-c661-43f1-8d01-82f649f93cb8,"9886 Garden Ln, Los Angeles, GA 15927",+1-586-454-6062,Nancy Garcia,136,completed,,2026-01-26 08:50:15.416882,2026-01-26 08:50:15.416882
14af4c1a-5db8-491e-a084-a4373b59a12f,69aab52d-c661-43f1-8d01-82f649f93cb8,"9248 Maple Dr, Atlanta, AZ 93397",+1-905-161-5063,Nancy Garcia,1614,awaiting_delivery,,2025-11-23 12:26:07.416882,2025-11-23 12:26:07.416882
900df29e-23dd-4bfd-ad21-0d022e110e4c,69aab52d-c661-43f1-8d01-82f649f93cb8,"9248 Maple Dr, Atlanta, AZ 93397",+1-905-161-5063,Nancy Garcia,205,awaiting_delivery,,2026-02-14 13:57:38.416882,2026-02-14 13:57:38.416882
aab5f056-a12b-40a2-8207-b44d882f3f69,69aab52d-c661-43f1-8d01-82f649f93cb8,"9886 Garden Ln, Los Angeles, GA 15927",+1-586-454-6062,Nancy Garcia,714,awaiting_delivery,,2025-11-14 13:21:24.416882,2025-11-14 13:21:24.416882
e0bc63f9-e4ad-4a94-8c5a-99611f049111,69aab52d-c661-43f1-8d01-82f649f93cb8,"9248 Maple Dr, Atlanta, AZ 93397",+1-905-161-5063,Nancy Garcia,421,completed,,2026-03-12 08:09:10.416882,2026-03-12 08:09:10.416882
7a35da85-895b-4630-b72d-42c93fba0652,69aab52d-c661-43f1-8d01-82f649f93cb8,"9886 Garden Ln, Los Angeles, GA 15927",+1-586-454-6062,Nancy Garcia,4,completed,,2026-02-03 22:31:05.416882,2026-02-03 22:31:05.416882
faf055a8-d304-4d6a-8cfc-c51e952c78a9,69aab52d-c661-43f1-8d01-82f649f93cb8,"9248 Maple Dr, Atlanta, AZ 93397",+1-905-161-5063,Nancy Garcia,28,completed,,2026-01-13 03:57:41.416882,2026-01-13 03:57:41.416882
660fa2c0-df6e-4139-b26e-922322a33466,69aab52d-c661-43f1-8d01-82f649f93cb8,"9886 Garden Ln, Los Angeles, GA 15927",+1-586-454-6062,Nancy Garcia,182,shipping,,2025-12-26 06:40:51.416882,2025-12-26 06:40:51.416882
f730957c-1ead-43f6-bab8-eb5901ee5078,38e9f66d-b7af-4b5f-8861-97c4986cded1,"7162 Park Ave, San Antonio, OR 95747",+1-966-751-6796,Thomas Scott,144,shipping,,2026-04-18 09:05:45.416882,2026-04-18 09:05:45.416882
b714740e-91f9-429c-b26e-ce162cb902b6,38e9f66d-b7af-4b5f-8861-97c4986cded1,"9814 Sunset Blvd, Chicago, CO 53691",+1-460-536-2626,Thomas Scott,74,awaiting_delivery,,2025-12-16 12:11:05.416882,2025-12-16 12:11:05.416882
21c51687-77ee-4de6-a98d-b1fc8b323cd0,38e9f66d-b7af-4b5f-8861-97c4986cded1,"7162 Park Ave, San Antonio, OR 95747",+1-966-751-6796,Thomas Scott,224,shipping,,2025-12-06 12:28:21.416882,2025-12-06 12:28:21.416882
ec92d248-e946-4e13-b2fa-31e769158d8c,38e9f66d-b7af-4b5f-8861-97c4986cded1,"7162 Park Ave, San Antonio, OR 95747",+1-966-751-6796,Thomas Scott,27,completed,,2026-01-13 23:41:39.416882,2026-01-13 23:41:39.416882
0e9f660d-4d4b-41b2-9da4-607bb18d612d,38e9f66d-b7af-4b5f-8861-97c4986cded1,"9814 Sunset Blvd, Chicago, CO 53691",+1-460-536-2626,Thomas Scott,732,awaiting_delivery,,2026-03-22 09:04:54.416882,2026-03-22 09:04:54.416882
2e64a69d-b4fd-4d2f-af38-2effed6df05e,38e9f66d-b7af-4b5f-8861-97c4986cded1,"7162 Park Ave, San Antonio, OR 95747",+1-966-751-6796,Thomas Scott,348,cancelled,,2026-01-05 20:31:06.416882,2026-01-05 20:31:06.416882
f418ffb6-2592-406f-9311-bdddb7cff080,73973dae-b2fb-446d-ae05-0aa76fad088a,"7632 Oak Ave, Denver, OR 16245",+1-763-711-6331,Kenneth Clark,620,cancelled,,2026-02-22 11:16:12.416882,2026-02-22 11:16:12.416882
01932b2d-eb5a-4dfe-a425-b99bfeafcf19,73973dae-b2fb-446d-ae05-0aa76fad088a,"8989 Spring St, New York, CO 17779",+1-276-746-8288,Kenneth Clark,149,completed,,2026-02-01 08:21:02.416882,2026-02-01 08:21:02.416882
523a3525-048f-4a04-a12d-f3fce9d685b8,73973dae-b2fb-446d-ae05-0aa76fad088a,"8989 Spring St, New York, CO 17779",+1-276-746-8288,Kenneth Clark,301,completed,,2025-12-26 19:22:30.416882,2025-12-26 19:22:30.416882
4053c683-8c54-4aa0-8095-865989c5c5e4,73973dae-b2fb-446d-ae05-0aa76fad088a,"8989 Spring St, New York, CO 17779",+1-276-746-8288,Kenneth Clark,241,shipping,,2025-12-13 23:22:51.416882,2025-12-13 23:22:51.416882
cb1fa884-181b-45bd-abf3-714d4de9d010,73973dae-b2fb-446d-ae05-0aa76fad088a,"3411 Elm St, San Jose, GA 83450",+1-981-149-7332,Kenneth Clark,242,cancelled,,2026-02-22 08:15:36.416882,2026-02-22 08:15:36.416882
538f046e-c5af-457c-9c7f-1aef76324ffe,73973dae-b2fb-446d-ae05-0aa76fad088a,"8989 Spring St, New York, CO 17779",+1-276-746-8288,Kenneth Clark,213,completed,,2025-12-20 14:41:17.416882,2025-12-20 14:41:17.416882
54da7f9b-2062-4d85-a1c9-a6bd9ced3389,73973dae-b2fb-446d-ae05-0aa76fad088a,"3411 Elm St, San Jose, GA 83450",+1-981-149-7332,Kenneth Clark,1678,shipping,,2026-04-24 03:29:50.416882,2026-04-24 03:29:50.416882
9c0c57f1-835d-4d0c-905d-1f601c678b56,73973dae-b2fb-446d-ae05-0aa76fad088a,"7632 Oak Ave, Denver, OR 16245",+1-763-711-6331,Kenneth Clark,159,awaiting_delivery,,2026-02-14 07:03:55.416882,2026-02-14 07:03:55.416882
90e41ba1-4cf7-4fc8-a2df-7e881f438003,3042a6bd-f55b-4783-9c95-433ed72a3741,"7199 Broadway, Phoenix, MA 15985",+1-278-162-2251,Michael Moore,3169,completed,,2026-02-27 19:09:33.416882,2026-02-27 19:09:33.416882
cd6ca9c9-03a2-482a-a89f-b25623b05e71,3042a6bd-f55b-4783-9c95-433ed72a3741,"7199 Broadway, Phoenix, MA 15985",+1-278-162-2251,Michael Moore,4260,cancelled,,2026-03-20 11:40:55.416882,2026-03-20 11:40:55.416882
5814d422-9eb7-4bc9-9a4d-84365c6ff0c6,3042a6bd-f55b-4783-9c95-433ed72a3741,"7199 Broadway, Phoenix, MA 15985",+1-278-162-2251,Michael Moore,714,completed,,2025-12-01 22:04:22.416882,2025-12-01 22:04:22.416882
eac09ae1-c5fd-4776-a46d-1e932a2c20e0,3042a6bd-f55b-4783-9c95-433ed72a3741,"7199 Broadway, Phoenix, MA 15985",+1-278-162-2251,Michael Moore,243,returning,,2026-03-29 20:10:06.416882,2026-03-29 20:10:06.416882
4d17ed5f-1f9e-444e-ae5e-907491b63dfd,3042a6bd-f55b-4783-9c95-433ed72a3741,"7199 Broadway, Phoenix, MA 15985",+1-278-162-2251,Michael Moore,499,returning,,2025-12-08 06:18:55.416882,2025-12-08 06:18:55.416882
10f227a7-f0cd-4e10-952b-4da7e4ef2930,cbc550e8-992f-4bb7-9025-887566cd5e2e,"9087 Park Ave, New York, NY 89720",+1-646-903-7128,Margaret Taylor,264,awaiting_delivery,,2026-03-05 10:04:24.416882,2026-03-05 10:04:24.416882
0aaed4c8-d3a3-454c-ad30-5e135b7a6f84,cbc550e8-992f-4bb7-9025-887566cd5e2e,"3527 Main St, Chicago, OR 53987",+1-986-754-3802,Margaret Taylor,12,cancelled,,2026-01-04 11:24:48.416882,2026-01-04 11:24:48.416882
156bd1d5-5599-49c4-9aee-ec032a55e604,cbc550e8-992f-4bb7-9025-887566cd5e2e,"3527 Main St, Chicago, OR 53987",+1-986-754-3802,Margaret Taylor,817,shipping,,2025-11-17 06:32:13.416882,2025-11-17 06:32:13.416882
2ad8a0f9-8f69-40ee-81b5-1ec0f905f587,cbc550e8-992f-4bb7-9025-887566cd5e2e,"3527 Main St, Chicago, OR 53987",+1-986-754-3802,Margaret Taylor,144,completed,,2025-12-11 21:32:25.416882,2025-12-11 21:32:25.416882
fad1e543-5bcd-4c3e-8a2c-0a5a3efdf64c,cbc550e8-992f-4bb7-9025-887566cd5e2e,"9087 Park Ave, New York, NY 89720",+1-646-903-7128,Margaret Taylor,72,completed,,2026-01-23 17:43:42.416882,2026-01-23 17:43:42.416882
8088ebdc-77c1-4b4e-9102-9891457ca047,cbc550e8-992f-4bb7-9025-887566cd5e2e,"3527 Main St, Chicago, OR 53987",+1-986-754-3802,Margaret Taylor,840,completed,,2026-04-09 21:34:54.416882,2026-04-09 21:34:54.416882
834fa53b-47ca-451c-81fb-246d72811f93,cbc550e8-992f-4bb7-9025-887566cd5e2e,"8527 Cedar Ln, Denver, NY 24038",+1-954-755-8537,Margaret Taylor,91,returning,,2026-03-14 12:45:45.416882,2026-03-14 12:45:45.416882
29cde9e3-0d13-4df1-b16d-6899128a9d61,cbc550e8-992f-4bb7-9025-887566cd5e2e,"3527 Main St, Chicago, OR 53987",+1-986-754-3802,Margaret Taylor,215,cancelled,,2026-04-05 18:16:34.416882,2026-04-05 18:16:34.416882
0bab1478-9a29-4768-ac6a-0ce1782206f2,2f60d884-83f3-4d41-8d75-c5e28ac928d8,"8678 Sunset Blvd, Houston, MA 53971",+1-852-424-4773,Thomas Hernandez,41,cancelled,,2025-11-07 23:44:34.416882,2025-11-07 23:44:34.416882
b988b3e0-9fa7-4340-8a06-4f7db59abeb2,2f60d884-83f3-4d41-8d75-c5e28ac928d8,"3409 Willow Way, Phoenix, MA 91024",+1-770-851-5576,Thomas Hernandez,3095,awaiting_delivery,,2026-04-05 04:48:03.416882,2026-04-05 04:48:03.416882
e5ecd589-1593-4a55-bae7-505b1f05e428,2f60d884-83f3-4d41-8d75-c5e28ac928d8,"8678 Sunset Blvd, Houston, MA 53971",+1-852-424-4773,Thomas Hernandez,291,completed,,2025-11-22 14:39:21.416882,2025-11-22 14:39:21.416882
9084d45c-68d3-472a-8518-c674f3b8d7f0,2f60d884-83f3-4d41-8d75-c5e28ac928d8,"8678 Sunset Blvd, Houston, MA 53971",+1-852-424-4773,Thomas Hernandez,1236,returning,,2026-04-13 07:28:19.416882,2026-04-13 07:28:19.416882
916005cc-1ca3-4f11-9835-9b4be7741368,2f60d884-83f3-4d41-8d75-c5e28ac928d8,"8678 Sunset Blvd, Houston, MA 53971",+1-852-424-4773,Thomas Hernandez,316,cancelled,,2026-01-20 12:19:55.416882,2026-01-20 12:19:55.416882
e010ad7b-67e8-43bc-8625-6443bc20c329,2f60d884-83f3-4d41-8d75-c5e28ac928d8,"8678 Sunset Blvd, Houston, MA 53971",+1-852-424-4773,Thomas Hernandez,615,shipping,,2025-12-16 04:13:12.416882,2025-12-16 04:13:12.416882
fc82bdf9-3682-4df5-a39d-b1c5c931b872,2f60d884-83f3-4d41-8d75-c5e28ac928d8,"3409 Willow Way, Phoenix, MA 91024",+1-770-851-5576,Thomas Hernandez,241,cancelled,,2026-04-04 07:59:09.416882,2026-04-04 07:59:09.416882
02fcf1dd-1981-464a-bb0a-02df8e790313,2f60d884-83f3-4d41-8d75-c5e28ac928d8,"7273 Cedar Ln, New York, CO 98092",+1-562-710-3359,Thomas Hernandez,279,completed,,2025-11-08 09:30:37.416882,2025-11-08 09:30:37.416882
52a8f379-72b0-4db5-a4a9-d1321a28b71e,2f60d884-83f3-4d41-8d75-c5e28ac928d8,"3409 Willow Way, Phoenix, MA 91024",+1-770-851-5576,Thomas Hernandez,56,completed,,2025-12-01 09:04:51.416882,2025-12-01 09:04:51.416882
bcb6507e-88cd-444c-b177-b65ffb44a94d,2f60d884-83f3-4d41-8d75-c5e28ac928d8,"7273 Cedar Ln, New York, CO 98092",+1-562-710-3359,Thomas Hernandez,168,awaiting_delivery,,2026-04-04 13:15:06.416882,2026-04-04 13:15:06.416882
395c2b79-452e-4725-9ce8-8ab667ed99ab,9a7d82b5-4c55-4896-a1df-934c99eadeb7,"3898 Cedar Ln, San Jose, TX 80127",+1-804-252-4153,Melissa Williams,64,completed,,2025-12-14 00:16:29.416882,2025-12-14 00:16:29.416882
f9ae01a2-6e0e-481f-a622-409e4fc72210,1291a72d-f4e1-45b9-b352-b3b589b70f61,"8323 Cedar Ln, Houston, OR 85316",+1-812-856-1328,Betty Martinez,995,completed,,2026-01-15 17:53:05.416882,2026-01-15 17:53:05.416882
e1dd1258-97b0-411c-a1eb-29741b41b25d,1291a72d-f4e1-45b9-b352-b3b589b70f61,"8323 Cedar Ln, Houston, OR 85316",+1-812-856-1328,Betty Martinez,11,completed,,2025-12-30 18:04:47.416882,2025-12-30 18:04:47.416882
30f7a043-a88f-4d16-ada5-c7c285ae806c,1291a72d-f4e1-45b9-b352-b3b589b70f61,"7892 Willow Way, Dallas, OR 78494",+1-485-280-3373,Betty Martinez,52,completed,,2025-12-07 02:59:41.416882,2025-12-07 02:59:41.416882
d55d0a2f-a1cc-4bc3-89d7-3edd537c9e92,1291a72d-f4e1-45b9-b352-b3b589b70f61,"7892 Willow Way, Dallas, OR 78494",+1-485-280-3373,Betty Martinez,167,shipping,,2026-03-25 14:15:24.416882,2026-03-25 14:15:24.416882
cdfa35ea-1477-4570-8d7f-e9f8d058e049,9df32706-e79d-4179-95d6-ec2673ca3138,"8120 Hill St, Miami, NY 25774",+1-946-561-6173,Amanda Miller,356,completed,,2026-03-01 11:26:11.416882,2026-03-01 11:26:11.416882
b0341d05-4d4e-48a1-9f7a-2f10c225f7b4,9df32706-e79d-4179-95d6-ec2673ca3138,"8120 Hill St, Miami, NY 25774",+1-946-561-6173,Amanda Miller,1031,shipping,,2026-04-08 02:27:46.416882,2026-04-08 02:27:46.416882
4958a576-b776-42df-9eae-4f9a64a05d9b,9df32706-e79d-4179-95d6-ec2673ca3138,"8120 Hill St, Miami, NY 25774",+1-946-561-6173,Amanda Miller,228,shipping,,2025-11-05 04:18:13.416882,2025-11-05 04:18:13.416882
5e559462-0f99-42c8-888e-b911a9bc2997,9df32706-e79d-4179-95d6-ec2673ca3138,"8120 Hill St, Miami, NY 25774",+1-946-561-6173,Amanda Miller,40,shipping,,2025-12-05 17:05:24.416882,2025-12-05 17:05:24.416882
b7221dd3-7fe6-40ee-a7ce-7df7aa709c22,93dd5016-c991-490f-8518-92b784eff536,"8909 Hill St, Atlanta, GA 44252",+1-651-841-1312,Amanda Miller,60,returning,,2026-02-25 16:08:51.416882,2026-02-25 16:08:51.416882
11612653-1c2a-460c-a612-fddc4772c9c8,93dd5016-c991-490f-8518-92b784eff536,"8909 Hill St, Atlanta, GA 44252",+1-651-841-1312,Amanda Miller,56,completed,,2025-12-09 19:52:08.416882,2025-12-09 19:52:08.416882
773de545-60b2-491b-9ea6-afa59453ea50,93dd5016-c991-490f-8518-92b784eff536,"8909 Hill St, Atlanta, GA 44252",+1-651-841-1312,Amanda Miller,585,cancelled,,2025-11-23 09:17:38.416882,2025-11-23 09:17:38.416882
a0342775-a8c1-47f4-bc01-8950aec90872,93dd5016-c991-490f-8518-92b784eff536,"8909 Hill St, Atlanta, GA 44252",+1-651-841-1312,Amanda Miller,349,shipping,,2026-01-09 07:53:26.416882,2026-01-09 07:53:26.416882
4e71df92-08f5-4b7e-8d1d-0f60965942a8,93dd5016-c991-490f-8518-92b784eff536,"8909 Hill St, Atlanta, GA 44252",+1-651-841-1312,Amanda Miller,1332,shipping,,2026-04-20 23:37:27.416882,2026-04-20 23:37:27.416882
12196c18-ffab-4467-b848-c081d3fa1147,93dd5016-c991-490f-8518-92b784eff536,"8909 Hill St, Atlanta, GA 44252",+1-651-841-1312,Amanda Miller,552,completed,,2026-02-13 02:10:36.416882,2026-02-13 02:10:36.416882
0e7291ff-4c6d-488c-aba2-e51d9c0373a8,93dd5016-c991-490f-8518-92b784eff536,"8909 Hill St, Atlanta, GA 44252",+1-651-841-1312,Amanda Miller,337,completed,,2026-04-29 17:41:08.416882,2026-04-29 17:41:08.416882
3e1757de-7e06-474c-8688-02af49d067f1,93dd5016-c991-490f-8518-92b784eff536,"8909 Hill St, Atlanta, GA 44252",+1-651-841-1312,Amanda Miller,316,completed,,2025-11-22 15:34:04.416882,2025-11-22 15:34:04.416882
e79e1e0a-4d3b-4b6b-a160-d65490df2191,93dd5016-c991-490f-8518-92b784eff536,"8909 Hill St, Atlanta, GA 44252",+1-651-841-1312,Amanda Miller,501,completed,,2026-02-21 16:11:02.416882,2026-02-21 16:11:02.416882
e47d12b0-75b1-4b7f-83ca-4a68d69433e2,77ad56db-8614-4b96-ba62-54e23cf00625,"8750 Park Ave, Boston, MA 93780",+1-576-660-1545,Joshua Campbell,129,returning,,2025-12-06 02:17:45.416882,2025-12-06 02:17:45.416882
d7b10b74-318c-4825-966a-8972df8880eb,77ad56db-8614-4b96-ba62-54e23cf00625,"9504 Willow Way, Denver, MA 16086",+1-672-891-8106,Joshua Campbell,410,completed,,2025-11-08 18:08:26.416882,2025-11-08 18:08:26.416882
b16a39e0-750f-4590-9dce-3552609d3e00,77ad56db-8614-4b96-ba62-54e23cf00625,"9504 Willow Way, Denver, MA 16086",+1-672-891-8106,Joshua Campbell,207,shipping,,2026-01-21 00:09:45.416882,2026-01-21 00:09:45.416882
41228c7a-f173-406e-919b-f00395d8f3e2,77ad56db-8614-4b96-ba62-54e23cf00625,"523 Valley Rd, Dallas, CA 16187",+1-825-902-9098,Joshua Campbell,259,completed,,2026-03-31 07:52:38.416882,2026-03-31 07:52:38.416882
d022675c-e6a0-46fe-893b-896a528fda7b,27be03dc-e3dd-46bf-a33e-f247bc8c90ed,"3761 Birch Blvd, Atlanta, FL 82291",+1-466-637-8917,Carol Ramirez,108,shipping,,2025-11-24 02:49:30.416882,2025-11-24 02:49:30.416882
f64a46d1-f469-4088-9f0f-15ad30d6bcfd,27be03dc-e3dd-46bf-a33e-f247bc8c90ed,"6638 Lake Dr, Phoenix, NY 73201",+1-558-807-4359,Carol Ramirez,282,shipping,,2025-12-02 23:17:29.416882,2025-12-02 23:17:29.416882
fe8d1573-2368-4d68-8cdb-c03681ff8d20,27be03dc-e3dd-46bf-a33e-f247bc8c90ed,"8109 Pine Rd, New York, CA 12949",+1-493-210-2569,Carol Ramirez,488,shipping,,2026-03-16 18:16:14.416882,2026-03-16 18:16:14.416882
990f286c-d8a0-4f0d-a0ce-72a87cb6ac62,fabe0c6b-96be-414b-925a-7a44e19764a9,"2708 Maple Dr, Miami, GA 19249",+1-770-911-9304,Michelle Martin,354,completed,,2026-04-17 11:51:37.416882,2026-04-17 11:51:37.416882
6a996b9e-6696-487d-baf0-23a6aec3cc98,fabe0c6b-96be-414b-925a-7a44e19764a9,"2896 Walnut St, Dallas, NY 90469",+1-397-628-6446,Michelle Martin,158,awaiting_delivery,,2026-02-14 22:32:45.416882,2026-02-14 22:32:45.416882
bd89643b-22f0-4134-9cb0-96c6bf852229,fabe0c6b-96be-414b-925a-7a44e19764a9,"2708 Maple Dr, Miami, GA 19249",+1-770-911-9304,Michelle Martin,217,shipping,,2025-11-14 20:11:01.416882,2025-11-14 20:11:01.416882
ad99ded9-4575-4214-a219-8fc62ab4b06b,b1c40ef1-ff71-4d3d-af0a-47e73634b864,"2222 Main St, Phoenix, AZ 69560",+1-792-854-7957,Richard Adams,216,cancelled,,2026-04-11 23:32:58.416882,2026-04-11 23:32:58.416882
2377f6e4-b68e-478d-a8e8-a1425f09b3bd,b1c40ef1-ff71-4d3d-af0a-47e73634b864,"2222 Main St, Phoenix, AZ 69560",+1-792-854-7957,Richard Adams,120,completed,,2026-03-24 21:04:56.416882,2026-03-24 21:04:56.416882
c1c126a7-27cd-4f9d-b6b9-22992a71369c,b1c40ef1-ff71-4d3d-af0a-47e73634b864,"2222 Main St, Phoenix, AZ 69560",+1-792-854-7957,Richard Adams,689,awaiting_delivery,,2026-02-25 07:54:34.416882,2026-02-25 07:54:34.416882
e8adb3f0-3092-4e1a-97df-72dad5d47b6b,b1c40ef1-ff71-4d3d-af0a-47e73634b864,"1491 Oak Ave, Portland, FL 41720",+1-497-755-4225,Richard Adams,264,shipping,,2026-03-27 18:35:28.416882,2026-03-27 18:35:28.416882
72a62f03-e2f3-47be-a85a-5b543b64029c,b1c40ef1-ff71-4d3d-af0a-47e73634b864,"2222 Main St, Phoenix, AZ 69560",+1-792-854-7957,Richard Adams,12,completed,,2026-03-14 13:23:04.416882,2026-03-14 13:23:04.416882
48239447-1f10-4ecb-9bdf-52dad3d2bed0,b1c40ef1-ff71-4d3d-af0a-47e73634b864,"2222 Main St, Phoenix, AZ 69560",+1-792-854-7957,Richard Adams,1170,shipping,,2026-03-16 08:48:12.416882,2026-03-16 08:48:12.416882
100be6e2-41f8-40b6-aa6a-9f063d44d8c7,0dca27a9-1680-4b31-99bb-644318db4197,"4059 River Rd, Austin, TX 61862",+1-322-430-9686,Paul Smith,876,completed,,2026-01-30 21:19:45.416882,2026-01-30 21:19:45.416882
3b223473-6d4a-43e3-ad66-5683d0857293,0dca27a9-1680-4b31-99bb-644318db4197,"4059 River Rd, Austin, TX 61862",+1-322-430-9686,Paul Smith,192,completed,,2026-01-07 19:13:05.416882,2026-01-07 19:13:05.416882
1615b101-a898-4ed6-86ec-9c221084082d,0dca27a9-1680-4b31-99bb-644318db4197,"4059 River Rd, Austin, TX 61862",+1-322-430-9686,Paul Smith,48,shipping,,2025-11-24 08:30:45.416882,2025-11-24 08:30:45.416882
c078c1a4-a881-41c9-8754-f0ec346ec9b7,0dca27a9-1680-4b31-99bb-644318db4197,"4059 River Rd, Austin, TX 61862",+1-322-430-9686,Paul Smith,2062,awaiting_delivery,,2026-02-19 23:35:10.416882,2026-02-19 23:35:10.416882
fdd4c516-13b6-449f-ac1b-b2ca154c13ba,0dca27a9-1680-4b31-99bb-644318db4197,"4059 River Rd, Austin, TX 61862",+1-322-430-9686,Paul Smith,730,awaiting_delivery,,2026-04-02 21:14:39.416882,2026-04-02 21:14:39.416882
1066256c-c05f-4233-82a2-cc074db236f5,0dca27a9-1680-4b31-99bb-644318db4197,"4059 River Rd, Austin, TX 61862",+1-322-430-9686,Paul Smith,1189,cancelled,,2025-11-26 15:42:48.416882,2025-11-26 15:42:48.416882
32cc68e2-d50e-405f-bc67-713e67572621,0dec213c-71be-4513-b408-5417084364c8,"5737 Broadway, Los Angeles, AZ 53858",+1-749-354-2608,Andrew Baker,3938,completed,,2025-11-27 00:42:06.416882,2025-11-27 00:42:06.416882
ecaf7558-220e-4e32-9345-d5dbc49a6b2c,5b05f898-36fe-4a49-9d0e-f6521a720b84,"4416 Valley Rd, Denver, WA 17993",+1-944-333-7932,Jennifer White,72,completed,,2025-12-13 23:39:06.416882,2025-12-13 23:39:06.416882
daca81c7-cb6c-49bf-bc9d-34174d04782e,5b05f898-36fe-4a49-9d0e-f6521a720b84,"4416 Valley Rd, Denver, WA 17993",+1-944-333-7932,Jennifer White,57,awaiting_delivery,,2026-02-20 07:13:55.416882,2026-02-20 07:13:55.416882
baeec36f-6532-43c5-a109-119a0b3f98f0,5b05f898-36fe-4a49-9d0e-f6521a720b84,"4416 Valley Rd, Denver, WA 17993",+1-944-333-7932,Jennifer White,232,shipping,,2026-04-09 16:18:55.416882,2026-04-09 16:18:55.416882
f455950d-abac-4575-8584-b6cd9aa16d6d,6f618565-d364-45b4-8687-cba16b6c7756,"1051 Sunset Blvd, New York, GA 72368",+1-717-402-3555,James Ramirez,8,shipping,,2026-01-18 19:49:43.416882,2026-01-18 19:49:43.416882
e23d1f9e-a641-4921-9075-f61192e26164,6f618565-d364-45b4-8687-cba16b6c7756,"1051 Sunset Blvd, New York, GA 72368",+1-717-402-3555,James Ramirez,218,awaiting_delivery,,2025-12-10 11:15:28.416882,2025-12-10 11:15:28.416882
4d01bf6b-64d7-40ed-8b3e-4fd5981ffd80,6f618565-d364-45b4-8687-cba16b6c7756,"1051 Sunset Blvd, New York, GA 72368",+1-717-402-3555,James Ramirez,608,shipping,,2025-11-12 14:00:25.416882,2025-11-12 14:00:25.416882
ec0b7b45-a276-41b9-bc25-867f974dbdb3,6f618565-d364-45b4-8687-cba16b6c7756,"1051 Sunset Blvd, New York, GA 72368",+1-717-402-3555,James Ramirez,58,completed,,2026-03-02 13:35:36.416882,2026-03-02 13:35:36.416882
1bce54cc-27db-4204-af5b-9a0a59cf51aa,6f618565-d364-45b4-8687-cba16b6c7756,"1051 Sunset Blvd, New York, GA 72368",+1-717-402-3555,James Ramirez,127,completed,,2026-03-06 00:52:04.416882,2026-03-06 00:52:04.416882
6cef539d-a91c-454b-860b-d14713c8427f,6f618565-d364-45b4-8687-cba16b6c7756,"1051 Sunset Blvd, New York, GA 72368",+1-717-402-3555,James Ramirez,287,shipping,,2026-04-08 16:38:05.416882,2026-04-08 16:38:05.416882
df931b4d-683a-4e70-b9e6-d1d6e7c2a38a,6f618565-d364-45b4-8687-cba16b6c7756,"1051 Sunset Blvd, New York, GA 72368",+1-717-402-3555,James Ramirez,120,completed,,2026-04-30 00:54:54.416882,2026-04-30 00:54:54.416882
637eed32-126e-4bd4-b460-8e953d1e2f03,6f618565-d364-45b4-8687-cba16b6c7756,"1051 Sunset Blvd, New York, GA 72368",+1-717-402-3555,James Ramirez,72,completed,,2026-04-25 12:29:30.416882,2026-04-25 12:29:30.416882
4b0fafc6-20d3-4135-b74c-95282cfc7e9f,6f618565-d364-45b4-8687-cba16b6c7756,"1051 Sunset Blvd, New York, GA 72368",+1-717-402-3555,James Ramirez,1090,completed,,2026-01-03 02:04:03.416882,2026-01-03 02:04:03.416882
0ffff127-6ec1-48b4-b049-eaab35560614,6f618565-d364-45b4-8687-cba16b6c7756,"1051 Sunset Blvd, New York, GA 72368",+1-717-402-3555,James Ramirez,192,awaiting_delivery,,2025-11-26 09:29:25.416882,2025-11-26 09:29:25.416882
d907940b-aaa2-4e9f-9352-f428b89deb21,9aa29d10-0d4e-435b-b2ea-b8e1c1435ae1,"6963 Pine Rd, Atlanta, GA 87205",+1-422-600-3429,Robert Green,164,awaiting_delivery,,2026-01-07 09:48:47.416882,2026-01-07 09:48:47.416882
51edcb59-aaf6-4c63-8d67-3a9996902aff,9aa29d10-0d4e-435b-b2ea-b8e1c1435ae1,"6963 Pine Rd, Atlanta, GA 87205",+1-422-600-3429,Robert Green,201,cancelled,,2026-01-21 23:27:27.416882,2026-01-21 23:27:27.416882
c722657e-a367-4710-aa39-d8ba977ad666,9aa29d10-0d4e-435b-b2ea-b8e1c1435ae1,"6963 Pine Rd, Atlanta, GA 87205",+1-422-600-3429,Robert Green,99,completed,,2025-12-20 12:22:18.416882,2025-12-20 12:22:18.416882
37e5c70b-4d1f-40da-9ffc-492f40a876f8,9aa29d10-0d4e-435b-b2ea-b8e1c1435ae1,"6963 Pine Rd, Atlanta, GA 87205",+1-422-600-3429,Robert Green,78,completed,,2026-04-14 14:19:42.416882,2026-04-14 14:19:42.416882
63ab1cce-2b8e-4fd7-b67a-3830304321d1,86061c5f-b4f7-474e-b6af-3a854dea4217,"2859 Hill St, San Jose, TX 57007",+1-901-364-7355,Anthony Taylor,550,awaiting_delivery,,2026-03-06 00:09:10.416882,2026-03-06 00:09:10.416882
c8ec217f-242e-43a1-ad41-5e3cbe491bf7,86061c5f-b4f7-474e-b6af-3a854dea4217,"8435 Broadway, Atlanta, WA 15501",+1-698-731-3368,Anthony Taylor,433,cancelled,,2026-01-31 16:28:24.416882,2026-01-31 16:28:24.416882
67df05ce-e6c5-4e9f-b581-38f214409ada,86061c5f-b4f7-474e-b6af-3a854dea4217,"8435 Broadway, Atlanta, WA 15501",+1-698-731-3368,Anthony Taylor,269,shipping,,2026-03-20 05:15:35.416882,2026-03-20 05:15:35.416882
153ca81e-04ff-4d8b-8b8f-67b2f1d225a1,86061c5f-b4f7-474e-b6af-3a854dea4217,"2859 Hill St, San Jose, TX 57007",+1-901-364-7355,Anthony Taylor,257,completed,,2026-03-19 20:47:35.416882,2026-03-19 20:47:35.416882
d38cc347-78da-4611-b882-0cd0984492a3,86061c5f-b4f7-474e-b6af-3a854dea4217,"8435 Broadway, Atlanta, WA 15501",+1-698-731-3368,Anthony Taylor,428,cancelled,,2026-04-04 02:25:22.416882,2026-04-04 02:25:22.416882
a9813032-e5a5-41b3-8c8f-bc9d88e1f653,86061c5f-b4f7-474e-b6af-3a854dea4217,"2859 Hill St, San Jose, TX 57007",+1-901-364-7355,Anthony Taylor,273,cancelled,,2026-03-04 06:48:01.416882,2026-03-04 06:48:01.416882
cc5e49f6-8f23-4f17-bcde-1f353c01c025,86061c5f-b4f7-474e-b6af-3a854dea4217,"2859 Hill St, San Jose, TX 57007",+1-901-364-7355,Anthony Taylor,218,completed,,2026-01-13 16:39:27.416882,2026-01-13 16:39:27.416882
26e3e349-d955-4d30-a159-0f72e8a84477,86061c5f-b4f7-474e-b6af-3a854dea4217,"8435 Broadway, Atlanta, WA 15501",+1-698-731-3368,Anthony Taylor,44,awaiting_delivery,,2025-11-21 21:57:17.416882,2025-11-21 21:57:17.416882
5fe99cba-9909-4c4f-b923-d433f8eac143,86061c5f-b4f7-474e-b6af-3a854dea4217,"2859 Hill St, San Jose, TX 57007",+1-901-364-7355,Anthony Taylor,158,completed,,2026-01-21 09:25:00.416882,2026-01-21 09:25:00.416882
e3b3a085-0c9e-43b1-be6a-d0d86eba1f8e,86061c5f-b4f7-474e-b6af-3a854dea4217,"2859 Hill St, San Jose, TX 57007",+1-901-364-7355,Anthony Taylor,446,cancelled,,2025-12-01 01:54:10.416882,2025-12-01 01:54:10.416882
2d8185b1-1bda-4ecb-8a5b-7248decb9888,39ac38ff-767b-4652-8cc2-02500f514963,"4794 Cedar Ln, Los Angeles, GA 79634",+1-845-539-7326,Carol Campbell,304,completed,,2025-12-02 17:37:09.416882,2025-12-02 17:37:09.416882
f2b0d79d-7f7b-4cd3-abfc-9f2de8e96dca,39ac38ff-767b-4652-8cc2-02500f514963,"4549 Cherry Ct, Austin, FL 66963",+1-942-995-3462,Carol Campbell,20,shipping,,2026-02-06 23:02:43.416882,2026-02-06 23:02:43.416882
98ac7ab6-66b1-49b8-bec0-78f3b87efaa4,7348f47f-3a20-4c4c-94f8-961b425ee247,"3551 Broadway, San Jose, CO 85733",+1-771-418-8367,Joshua Martin,513,completed,,2025-11-10 07:10:54.416882,2025-11-10 07:10:54.416882
131a85a5-16b2-447e-b463-77bce3774949,7348f47f-3a20-4c4c-94f8-961b425ee247,"857 Pine Rd, Chicago, GA 42724",+1-946-917-4688,Joshua Martin,130,shipping,,2025-12-26 08:05:32.416882,2025-12-26 08:05:32.416882
b48cf988-48ef-4d99-90d9-e55b7b6e1616,c7d947b5-de78-4f66-b1a8-8d10b1b97b45,"6980 Forest Ave, San Jose, TX 12385",+1-539-574-6414,Daniel Gonzalez,389,completed,,2025-11-29 04:51:29.416882,2025-11-29 04:51:29.416882
c69bc7b1-722b-4e5e-a4fe-e128244a9907,c7d947b5-de78-4f66-b1a8-8d10b1b97b45,"5925 River Rd, Miami, CO 60905",+1-213-199-7476,Daniel Gonzalez,313,completed,,2026-03-17 04:50:39.416882,2026-03-17 04:50:39.416882
c4fc9176-f536-4236-8b61-1faaeb052c77,10effbd8-0d74-4711-bbb4-92e440ede1ab,"8761 Hill St, Portland, NY 98295",+1-412-331-3956,Matthew Nguyen,506,cancelled,,2025-11-29 05:58:36.416882,2025-11-29 05:58:36.416882
330bad7d-650a-4e90-9c4d-a7cd6501e487,10effbd8-0d74-4711-bbb4-92e440ede1ab,"8761 Hill St, Portland, NY 98295",+1-412-331-3956,Matthew Nguyen,2406,cancelled,,2026-01-14 00:25:49.416882,2026-01-14 00:25:49.416882
ebb10697-942e-4a66-bb17-a8e31397a1e8,10effbd8-0d74-4711-bbb4-92e440ede1ab,"8761 Hill St, Portland, NY 98295",+1-412-331-3956,Matthew Nguyen,693,awaiting_delivery,,2026-03-13 02:03:23.416882,2026-03-13 02:03:23.416882
8265d7d6-a330-4385-a697-64cd1ec0eec6,10effbd8-0d74-4711-bbb4-92e440ede1ab,"8761 Hill St, Portland, NY 98295",+1-412-331-3956,Matthew Nguyen,380,awaiting_delivery,,2026-03-27 05:58:22.416882,2026-03-27 05:58:22.416882
df173fe9-f680-4bd7-8eb7-fa16e81fe5b6,426123df-d424-40e7-9d38-c3193f166742,"5426 Garden Ln, Boston, OR 50269",+1-599-428-1596,Mary Jones,100,completed,,2026-01-20 22:35:33.416882,2026-01-20 22:35:33.416882
aaa89177-d2f9-4031-8187-951e05091cac,e8aba31d-3650-44e4-8d20-6b0f559a8846,"1353 Oak Ave, Austin, OR 50601",+1-328-203-2525,Donna Davis,520,cancelled,,2026-03-25 16:14:15.416882,2026-03-25 16:14:15.416882
e8951516-0136-4b73-8627-cfe5e9d18099,e8aba31d-3650-44e4-8d20-6b0f559a8846,"8688 Forest Ave, Chicago, TX 85849",+1-829-185-9929,Donna Davis,654,completed,,2025-11-27 13:11:57.416882,2025-11-27 13:11:57.416882
6b2571ae-2df3-46f4-bb30-40c9430aaf7f,e8aba31d-3650-44e4-8d20-6b0f559a8846,"1353 Oak Ave, Austin, OR 50601",+1-328-203-2525,Donna Davis,1023,shipping,,2026-02-16 19:41:38.416882,2026-02-16 19:41:38.416882
10db79e6-c781-421b-934c-b49b3bd4a727,e8aba31d-3650-44e4-8d20-6b0f559a8846,"1353 Oak Ave, Austin, OR 50601",+1-328-203-2525,Donna Davis,48,cancelled,,2026-03-06 04:36:34.416882,2026-03-06 04:36:34.416882
52765f51-305a-48a0-8144-bf320586d528,e8aba31d-3650-44e4-8d20-6b0f559a8846,"8688 Forest Ave, Chicago, TX 85849",+1-829-185-9929,Donna Davis,587,completed,,2026-01-02 10:25:51.416882,2026-01-02 10:25:51.416882
1d9df225-a9ac-4011-a816-ca76a33f6125,e8aba31d-3650-44e4-8d20-6b0f559a8846,"1353 Oak Ave, Austin, OR 50601",+1-328-203-2525,Donna Davis,145,completed,,2026-02-05 00:08:35.416882,2026-02-05 00:08:35.416882
45aa1db5-de20-497c-b2ea-4baff0d84126,b3ad2753-b9d3-43f1-a7f4-ed14388a6521,"1250 Spring St, Miami, MA 10444",+1-554-265-7763,Kenneth Nguyen,252,completed,,2026-02-26 10:46:59.416882,2026-02-26 10:46:59.416882
a1726d84-2d27-4cf5-a75d-5b9736858cb6,b3ad2753-b9d3-43f1-a7f4-ed14388a6521,"1250 Spring St, Miami, MA 10444",+1-554-265-7763,Kenneth Nguyen,3047,awaiting_delivery,,2025-12-05 14:27:12.416882,2025-12-05 14:27:12.416882
52773373-f5f2-4736-aa4c-4025eb3e621e,b3ad2753-b9d3-43f1-a7f4-ed14388a6521,"1250 Spring St, Miami, MA 10444",+1-554-265-7763,Kenneth Nguyen,99,completed,,2026-02-16 05:46:11.416882,2026-02-16 05:46:11.416882
d55730c6-dfe7-4802-92a0-4c2c5823afc6,82159e48-8459-45f1-8dfe-6e4c6e37224f,"2178 Walnut St, Los Angeles, FL 93145",+1-407-885-9467,Sarah Williams,122,returning,,2026-03-11 05:56:21.416882,2026-03-11 05:56:21.416882
ee9d2d89-790d-4626-8cdb-0c966803ac67,82159e48-8459-45f1-8dfe-6e4c6e37224f,"2178 Walnut St, Los Angeles, FL 93145",+1-407-885-9467,Sarah Williams,74,cancelled,,2025-12-04 13:51:43.416882,2025-12-04 13:51:43.416882
9f79ece1-c48c-4b1e-8c75-c0b747e10a04,82159e48-8459-45f1-8dfe-6e4c6e37224f,"3120 Cherry Ct, Chicago, CO 87397",+1-216-489-2298,Sarah Williams,82,completed,,2026-03-25 17:35:37.416882,2026-03-25 17:35:37.416882
694643f9-cd2f-4d11-b18b-a2943ded7a2c,82159e48-8459-45f1-8dfe-6e4c6e37224f,"3120 Cherry Ct, Chicago, CO 87397",+1-216-489-2298,Sarah Williams,114,completed,,2026-01-04 03:17:22.416882,2026-01-04 03:17:22.416882
8ad5643e-cdb6-4b40-917e-e99c1797e955,82159e48-8459-45f1-8dfe-6e4c6e37224f,"7625 Oak Ave, Miami, MA 24362",+1-736-595-5987,Sarah Williams,652,awaiting_delivery,,2025-11-17 16:46:10.416882,2025-11-17 16:46:10.416882
a41f4d7a-1e71-4229-b561-66b15e7ec8b8,82159e48-8459-45f1-8dfe-6e4c6e37224f,"3120 Cherry Ct, Chicago, CO 87397",+1-216-489-2298,Sarah Williams,539,completed,,2025-12-15 18:29:11.416882,2025-12-15 18:29:11.416882
7fdd3893-63ed-4557-911e-a716cfbbc99f,82159e48-8459-45f1-8dfe-6e4c6e37224f,"3120 Cherry Ct, Chicago, CO 87397",+1-216-489-2298,Sarah Williams,16,awaiting_delivery,,2026-04-22 04:03:49.416882,2026-04-22 04:03:49.416882
72e1f1d6-097f-4e65-85aa-3fef95d9cf81,b1c321dd-954f-49fb-8812-a8e2c59b8ff8,"3523 Hill St, Boston, CO 83853",+1-395-636-8293,David Martinez,309,awaiting_delivery,,2026-01-25 21:41:01.416882,2026-01-25 21:41:01.416882
100eede6-df00-44d2-af10-94673d5096fa,b1c321dd-954f-49fb-8812-a8e2c59b8ff8,"6610 Cedar Ln, New York, FL 79965",+1-270-137-1393,David Martinez,241,shipping,,2026-02-05 01:48:45.416882,2026-02-05 01:48:45.416882
cab66f7f-9148-4895-80db-9bd56f756bda,b1c321dd-954f-49fb-8812-a8e2c59b8ff8,"6610 Cedar Ln, New York, FL 79965",+1-270-137-1393,David Martinez,72,completed,,2026-03-08 07:07:46.416882,2026-03-08 07:07:46.416882
fb258dde-3c78-45ca-881f-4ec5c08e6150,b1c321dd-954f-49fb-8812-a8e2c59b8ff8,"5264 Main St, Seattle, IL 88051",+1-827-379-3844,David Martinez,48,cancelled,,2025-11-24 16:12:23.416882,2025-11-24 16:12:23.416882
8f855125-0e5d-4de4-94c5-5a5015d6d5ae,b1c321dd-954f-49fb-8812-a8e2c59b8ff8,"7338 Forest Ave, Dallas, IL 66234",+1-642-277-7512,David Martinez,128,completed,,2025-12-13 05:50:42.416882,2025-12-13 05:50:42.416882
fd6272c3-e220-4b05-ba7c-c71540624ce1,b1c321dd-954f-49fb-8812-a8e2c59b8ff8,"5264 Main St, Seattle, IL 88051",+1-827-379-3844,David Martinez,155,shipping,,2026-01-30 22:17:09.416882,2026-01-30 22:17:09.416882
9ae3cd54-a8ea-4a1f-8aa7-39c916452bf0,b1c321dd-954f-49fb-8812-a8e2c59b8ff8,"7338 Forest Ave, Dallas, IL 66234",+1-642-277-7512,David Martinez,452,completed,,2025-12-06 21:47:37.416882,2025-12-06 21:47:37.416882
f41230ec-4fca-416d-afcb-4537f0522df1,b1c321dd-954f-49fb-8812-a8e2c59b8ff8,"3523 Hill St, Boston, CO 83853",+1-395-636-8293,David Martinez,153,completed,,2026-04-01 08:41:50.416882,2026-04-01 08:41:50.416882
c9374c4d-c7af-44a7-84c2-0fa7fb778711,b1c321dd-954f-49fb-8812-a8e2c59b8ff8,"7338 Forest Ave, Dallas, IL 66234",+1-642-277-7512,David Martinez,172,returning,,2026-03-06 23:31:22.416882,2026-03-06 23:31:22.416882
865f450d-2a4c-4f4e-a3b2-4d3895e1e6cf,bafbb53f-8d58-4e86-9050-02a36e634aa7,"679 Lake Dr, San Antonio, TX 18197",+1-860-678-8505,Dorothy Flores,171,completed,,2026-04-03 12:13:54.416882,2026-04-03 12:13:54.416882
50f3aa05-63f8-43e9-87a1-daf733054805,bafbb53f-8d58-4e86-9050-02a36e634aa7,"7466 Spring St, Chicago, WA 95717",+1-673-996-8349,Dorothy Flores,1895,completed,,2026-01-22 19:38:14.416882,2026-01-22 19:38:14.416882
f52ea443-a309-44f2-b3fb-9b28ffdafec6,bafbb53f-8d58-4e86-9050-02a36e634aa7,"7466 Spring St, Chicago, WA 95717",+1-673-996-8349,Dorothy Flores,134,shipping,,2026-04-15 08:01:29.416882,2026-04-15 08:01:29.416882
8562b15f-c21b-4820-8dce-02afdfdac76c,bafbb53f-8d58-4e86-9050-02a36e634aa7,"7466 Spring St, Chicago, WA 95717",+1-673-996-8349,Dorothy Flores,343,completed,,2026-04-19 11:53:44.416882,2026-04-19 11:53:44.416882
