email,username,password,fullname
john.lewis@mockmail.com,john.lewis,User001!pass,John Lewis
matthew.king@mockmail.com,matthew.king,User002!pass,Matthew King
steven.wright@mockmail.com,steven.wright,User003!pass,Steven Wright
betty.jackson@mockmail.com,betty.jackson,User004!pass,Betty Jackson
donald.mitchell@mockmail.com,donald.mitchell,User005!pass,Donald Mitchell
barbara.martinez@mockmail.com,barbara.martinez,User006!pass,Barbara Martinez
kevin.hernandez@mockmail.com,kevin.hernandez,User007!pass,Kevin Hernandez
matthew.walker@mockmail.com,matthew.walker,User008!pass,Matthew Walker
daniel.smith@mockmail.com,daniel.smith,User009!pass,Daniel Smith
william.anderson@mockmail.com,william.anderson,User010!pass,William Anderson
brian.carter@mockmail.com,brian.carter,User011!pass,Brian Carter
john.green@mockmail.com,john.green,User012!pass,John Green
donna.perez@mockmail.com,donna.perez,User013!pass,Donna Perez
emily.campbell@mockmail.com,emily.campbell,User014!pass,Emily Campbell
steven.smith@mockmail.com,steven.smith,User015!pass,Steven Smith
mark.walker@mockmail.com,mark.walker,User016!pass,Mark Walker
andrew.brown@mockmail.com,andrew.brown,User017!pass,Andrew Brown
carol.jackson@mockmail.com,carol.jackson,User018!pass,Carol Jackson
joshua.robinson@mockmail.com,joshua.robinson,User019!pass,Joshua Robinson
christopher.hernandez@mockmail.com,christopher.hernandez,User020!pass,Christopher Hernandez
melissa.smith@mockmail.com,melissa.smith,User021!pass,Melissa Smith
timothy.adams@mockmail.com,timothy.adams,User022!pass,Timothy Adams
lisa.rivera@mockmail.com,lisa.rivera,User023!pass,Lisa Rivera
donald.johnson@mockmail.com,donald.johnson,User024!pass,Donald Johnson
ashley.moore@mockmail.com,ashley.moore,User025!pass,Ashley Moore
mary.miller@mockmail.com,mary.miller,User026!pass,Mary Miller
william.clark@mockmail.com,william.clark,User027!pass,William Clark
mark.perez@mockmail.com,mark.perez,User028!pass,Mark Perez
patricia.davis@mockmail.com,patricia.davis,User029!pass,Patricia Davis
donna.miller@mockmail.com,donna.miller,User030!pass,Donna Miller
george.hill@mockmail.com,george.hill,User031!pass,George Hill
kenneth.hernandez@mockmail.com,kenneth.hernandez,User032!pass,Kenneth Hernandez
robert.williams@mockmail.com,robert.williams,User033!pass,Robert Williams
david.harris@mockmail.com,david.harris,User034!pass,David Harris
charles.wright@mockmail.com,charles.wright,User035!pass,Charles Wright
nancy.davis@mockmail.com,nancy.davis,User036!pass,Nancy Davis
stephanie.flores@mockmail.com,stephanie.flores,User037!pass,Stephanie Flores
andrew.taylor@mockmail.com,andrew.taylor,User038!pass,Andrew Taylor
karen.rivera@mockmail.com,karen.rivera,User039!pass,Karen Rivera
lisa.garcia@mockmail.com,lisa.garcia,User040!pass,Lisa Garcia
matthew.scott@mockmail.com,matthew.scott,User041!pass,Matthew Scott
mark.rivera@mockmail.com,mark.rivera,User042!pass,Mark Rivera
james.harris@mockmail.com,james.harris,User043!pass,James Harris
barbara.williams@mockmail.com,barbara.williams,User044!pass,Barbara Williams
linda.perez@mockmail.com,linda.perez,User045!pass,Linda Perez
steven.robinson@mockmail.com,steven.robinson,User046!pass,Steven Robinson
donald.moore@mockmail.com,donald.moore,User047!pass,Donald Moore
james.lee@mockmail.com,james.lee,User048!pass,James Lee
dorothy.harris@mockmail.com,dorothy.harris,User049!pass,Dorothy Harris
ashley.walker@mockmail.com,ashley.walker,User050!pass,Ashley Walker
nancy.martinez@mockmail.com,nancy.martinez,User051!pass,Nancy Martinez
jessica.robinson@mockmail.com,jessica.robinson,User052!pass,Jessica Robinson
steven.young@mockmail.com,steven.young,User053!pass,Steven Young
betty.wright@mockmail.com,betty.wright,User054!pass,Betty Wright
susan.anderson@mockmail.com,susan.anderson,User055!pass,Susan Anderson
jessica.wilson@mockmail.com,jessica.wilson,User056!pass,Jessica Wilson
karen.anderson@mockmail.com,karen.anderson,User057!pass,Karen Anderson
sandra.anderson@mockmail.com,sandra.anderson,User058!pass,Sandra Anderson
deborah.miller@mockmail.com,deborah.miller,User059!pass,Deborah Miller
jessica.thompson@mockmail.com,jessica.thompson,User060!pass,Jessica Thompson
joshua.williams@mockmail.com,joshua.williams,User061!pass,Joshua Williams
anthony.white@mockmail.com,anthony.white,User062!pass,Anthony White
donald.roberts@mockmail.com,donald.roberts,User063!pass,Donald Roberts
kenneth.smith@mockmail.com,kenneth.smith,User064!pass,Kenneth Smith
timothy.johnson@mockmail.com,timothy.johnson,User065!pass,Timothy Johnson
nancy.garcia@mockmail.com,nancy.garcia,User066!pass,Nancy Garcia
thomas.scott@mockmail.com,thomas.scott,User067!pass,Thomas Scott
lisa.wright@mockmail.com,lisa.wright,User068!pass,Lisa Wright
kenneth.clark@mockmail.com,kenneth.clark,User069!pass,Kenneth Clark
michael.moore@mockmail.com,michael.moore,User070!pass,Michael Moore
margaret.taylor@mockmail.com,margaret.taylor,User071!pass,Margaret Taylor
thomas.hernandez@mockmail.com,thomas.hernandez,User072!pass,Thomas Hernandez
melissa.williams@mockmail.com,melissa.williams,User073!pass,Melissa Williams
betty.martinez@mockmail.com,betty.martinez,User074!pass,Betty Martinez
amanda.miller@mockmail.com,amanda.miller,User075!pass,Amanda Miller
amanda.miller1@mockmail.com,amanda.miller1,User076!pass,Amanda Miller
joshua.campbell@mockmail.com,joshua.campbell,User077!pass,Joshua Campbell
carol.ramirez@mockmail.com,carol.ramirez,User078!pass,Carol Ramirez
michelle.martin@mockmail.com,michelle.martin,User079!pass,Michelle Martin
richard.adams@mockmail.com,richard.adams,User080!pass,Richard Adams
paul.smith@mockmail.com,paul.smith,User081!pass,Paul Smith
andrew.baker@mockmail.com,andrew.baker,User082!pass,Andrew Baker
jennifer.white@mockmail.com,jennifer.white,User083!pass,Jennifer White
james.ramirez@mockmail.com,james.ramirez,User084!pass,James Ramirez
robert.green@mockmail.com,robert.green,User085!pass,Robert Green
deborah.white@mockmail.com,deborah.white,User086!pass,Deborah White
anthony.taylor@mockmail.com,anthony.taylor,User087!pass,Anthony Taylor
carol.campbell@mockmail.com,carol.campbell,User088!pass,Carol Campbell
joshua.martin@mockmail.com,joshua.martin,User089!pass,Joshua Martin
daniel.gonzalez@mockmail.com,daniel.gonzalez,User090!pass,Daniel Gonzalez
joshua.martinez@mockmail.com,joshua.martinez,User091!pass,Joshua Martinez
matthew.nguyen@mockmail.com,matthew.nguyen,User092!pass,Matthew Nguyen
mary.jones@mockmail.com,mary.jones,User093!pass,Mary Jones
donna.davis@mockmail.com,donna.davis,User094!pass,Donna Davis
kenneth.nguyen@mockmail.com,kenneth.nguyen,User095!pass,Kenneth Nguyen
david.brown@mockmail.com,david.brown,User096!pass,David Brown
sarah.williams@mockmail.com,sarah.williams,User097!pass,Sarah Williams
david.martinez@mockmail.com,david.martinez,User098!pass,David Martinez
dorothy.flores@mockmail.com,dorothy.flores,User099!pass,Dorothy Flores
mary.walker@mockmail.com,mary.walker,User100!pass,Mary Walker
